Handle,Title,Type,Tags,Vendor,Published,Variant Price,Image Src,Variant SKU
1000-stories-cabernet-sauvignon-bourbon-barrel-aged-750ml,1000 Stories Cabernet Sauvignon Bourbon Barrel Aged 750ml,Bourbon,"bourbon, whiskey",1000 Stories,TRUE,45.89,https://www.liquorstore-online.com/product_images/p_177639.webp,5c6c6e9181977b101ef992b5
15-stars-8-15-yo-private-stock-straight-bourbon-750ml,15 Stars 8 &15 YO Private Stock Straight Bourbon 750ml,Bourbon,"bourbon, whiskey, straight-bourbon",15 Stars,TRUE,190.49,https://www.liquorstore-online.com/product_images/p_229582.webp,6345dd103e59242beb136c2c
1792-small-batch-kentucky-straight-bourbon-whiskey-70cl-46.85-abv,1792 - Small Batch Kentucky Straight Bourbon Whiskey 70cl 46.85% ABV,Bourbon,"bourbon, whiskey, small-batch, straight-bourbon",1792,TRUE,184.99,https://www.liquorstore-online.com/product_images/p_138673.webp,6692
1792-bottled-in-bond-bourbon-750ml,1792 Bottled in Bond Bourbon (750ml),Bourbon,"bourbon, whiskey",1792 Bottled,TRUE,103.99,https://www.liquorstore-online.com/product_images/p_263118.webp,8645329
1792-full-proof-barrel-select-750ml,1792 Full Proof Barrel Select 750ml,Bourbon,"bourbon, whiskey",1792,TRUE,89.99,https://www.liquorstore-online.com/product_images/p_258590.webp,65bba646642ef729c77fb80e
1792-full-proof-kentucky-straight-bourbon-whiskey-a-sazerac-barrel-select-a-blue-ridge-barrels-a-125-proof-750ml,1792 Full Proof Kentucky Straight Bourbon Whiskey â Sazerac Barrel Select â Blue Ridge Barrels â 125 Proof (750ml),Bourbon,"bourbon, whiskey, straight-bourbon",1792 Full,TRUE,103.99,https://www.liquorstore-online.com/product_images/p_267911.webp,102433
1792-ridgemont-reserve-barrel-select-bourbon-k-l-barrel-27-750ml,"1792 Ridgemont Reserve Barrel Select Bourbon ""K & L Barrel # 27"" (750ml)",Bourbon,"bourbon, whiskey",1792 Ridgemont,TRUE,1188.99,https://www.liquorstore-online.com/product_images/p_262957.webp,92645017
1792-small-batch-bourbon-750ml,1792 Small Batch Bourbon (750ml),Bourbon,"bourbon, whiskey, small-batch",1792 Small,TRUE,60.89,https://www.liquorstore-online.com/product_images/p_261556.webp,131405
1792-small-batch-bourbon-1.75l,1792 Small Batch Bourbon 1.75L,Bourbon,"bourbon, whiskey, small-batch",1792,TRUE,99.99,https://www.liquorstore-online.com/product_images/p_248664.webp,573141c869702d067c152900
1792-small-batch-bourbon-750ml,1792 Small Batch Bourbon 750ml,Bourbon,"bourbon, whiskey, small-batch",1792,TRUE,55.88,https://www.liquorstore-online.com/product_images/p_181189.webp,56702e3d7562755050100100
1812-maryland-bourbon-750ml,1812 Maryland Bourbon (750ml),Bourbon,"bourbon, whiskey",1812 Maryland,TRUE,64.89,https://www.liquorstore-online.com/product_images/p_261985.webp,160699
1876-port-barrel-finished-bourbon-whiskey-750ml,1876 Port Barrel Finished Bourbon Whiskey (750ml),Bourbon,"bourbon, whiskey",1876 Port,TRUE,54.89,https://www.liquorstore-online.com/product_images/p_263934.webp,371044
1876-texas-straight-bourbon-whiskey-750ml,1876 Texas Straight Bourbon Whiskey (750ml),Bourbon,"bourbon, whiskey, straight-bourbon",1876 Texas,TRUE,49.89,https://www.liquorstore-online.com/product_images/p_263933.webp,371045
45th-parallel-border-cognac-finished-straight-bourbon-whiskey-750ml,45th Parallel 'Border' Cognac-Finished Straight Bourbon Whiskey (750ml),Bourbon,"bourbon, whiskey, straight-bourbon",45th Parallel,TRUE,64.89,https://www.liquorstore-online.com/product_images/p_263937.webp,371051
aberlour-11-year-old-carn-mor-strictly-limited-first-fill-bourbon-cask-finish-single-malt-scotch-2011-whisky-70cl-47.5-abv,Aberlour - 11 year old Carn Mor Strictly Limited First Fill Bourbon Cask Finish Single Malt Scotch 2011 Whisky 70cl 47.5% ABV,Bourbon,"bourbon, whiskey, single-malt",Aberlour,TRUE,247.99,https://www.liquorstore-online.com/product_images/p_188877.webp,18170
amador-double-barrel-bourbon-750ml,Amador Double Barrel Bourbon (750ml),Bourbon,"bourbon, whiskey",Amador Double,TRUE,74.89,https://www.liquorstore-online.com/product_images/p_261864.webp,148106
amador-double-barrel-bourbon-cabernet-finish-750ml,Amador Double Barrel Bourbon Cabernet Finish (750ml),Bourbon,"bourbon, whiskey",Amador Double,TRUE,88.99,https://www.liquorstore-online.com/product_images/p_262344.webp,184171
amador-double-barrel-bourbon-chardonnay-finish-750ml,Amador Double Barrel Bourbon Chardonnay Finish (750ml),Bourbon,"bourbon, whiskey",Amador Double,TRUE,67.89,https://www.liquorstore-online.com/product_images/p_262340.webp,184072
amador-double-barrel-bourbon-whiskey-chardonnay-finish-750ml,Amador Double Barrel Bourbon Whiskey Chardonnay Finish 750ml,Bourbon,"bourbon, whiskey",Whiskey,TRUE,58.88,https://www.liquorstore-online.com/product_images/p_184294.webp,56c295f6756275139d320500
american-born-bourbon-whiskey-750ml,American Born Bourbon Whiskey 750ml,Bourbon,"bourbon, whiskey",American Born,TRUE,50.89,https://www.liquorstore-online.com/product_images/p_258289.webp,5905e57d4fca451bba7b5d26
american-eagle-4-year-old-tennessee-bourbon-whiskey-70cl-40-abv,American Eagle - 4 year old Tennessee Bourbon Whiskey 70cl 40% ABV,Bourbon,"bourbon, whiskey, tennessee-whiskey",American Eagle,TRUE,362.99,https://www.liquorstore-online.com/product_images/p_229186.webp,13314
american-freedom-distillery-horse-soldier-signature-small-batch-bourbon-whiskey-750ml,American Freedom Distillery 'Horse Soldier' Signature Small Batch Bourbon Whiskey (750ml),Bourbon,"bourbon, whiskey, small-batch",American Freedom,TRUE,89.99,https://www.liquorstore-online.com/product_images/p_264396.webp,51859363
american-highway-reserve-2-bourbon-brad-paisley-750ml,American Highway Reserve #2 Bourbon Brad Paisley (750ml),Bourbon,"bourbon, whiskey",American Highway,TRUE,133.99,https://www.liquorstore-online.com/product_images/p_262575.webp,189915
american-highway-reserve-bourbon-brad-paisley-750ml,American Highway Reserve Bourbon Brad Paisley (750ml),Bourbon,"bourbon, whiskey",American Highway,TRUE,133.99,https://www.liquorstore-online.com/product_images/p_262225.webp,179733
american-honey-kentucky-bourbon-1.75l,American Honey Kentucky Bourbon 1.75L,Bourbon,"bourbon, whiskey",Wild Turkey,TRUE,68.89,https://www.liquorstore-online.com/product_images/p_186158.webp,5966ef1412f2fb071587df94
american-honey-kentucky-bourbon-1l,American Honey Kentucky Bourbon 1L,Bourbon,"bourbon, whiskey",Wild Turkey,TRUE,54.88,https://www.liquorstore-online.com/product_images/p_202262.webp,5734f2c969702d71de7f9f00
american-honey-kentucky-bourbon-200ml,American Honey Kentucky Bourbon 200ml,Bourbon,"bourbon, whiskey",Wild Turkey,TRUE,33.89,https://www.liquorstore-online.com/product_images/p_255636.webp,5e759a7d82ad7c770016efdd
american-honey-kentucky-bourbon-750ml,American Honey Kentucky Bourbon 750ml,Bourbon,"bourbon, whiskey",Wild Turkey,TRUE,50.88,https://www.liquorstore-online.com/product_images/p_186469.webp,56cb05b2756275420e1c0100
amrut-7-year-old-ex-bourbon-single-cask-197-2016-whisky-70cl-60-abv-uk-exclusive,Amrut - 7 year old Ex-Bourbon Single Cask #197 2016 Whisky 70cl 60% ABV (UK Exclusive),Bourbon,"bourbon, whiskey",Amrut,TRUE,355.99,https://www.liquorstore-online.com/product_images/p_221608.webp,20566
ancient-age-bourbon-750ml,Ancient Age bourbon (750ml),Bourbon,"bourbon, whiskey",Ancient Age,TRUE,38.89,https://www.liquorstore-online.com/product_images/p_261878.webp,148496
angels-envy-manhattan-bundle-martini-rubino-vermouth-straight-port-cask-finish-kentucky-straight-bourbon-whiskey-70cl-75cl-43.3-abv,Angel's Envy - Manhattan Bundle - Martini Rubino Vermouth & Straight Port Cask Finish Kentucky Straight Bourbon Whiskey 70cl + 75cl 43.3% ABV,Bourbon,"bourbon, whiskey, straight-bourbon",Angel's Envy,TRUE,247.99,https://www.liquorstore-online.com/product_images/p_230725.webp,22548
angels-envy-small-batch-kentucky-straight-bourbon-whiskey-70cl-50-abv,Angel's Envy - Small Batch Kentucky Straight Bourbon Whiskey 70cl 50% ABV,Bourbon,"bourbon, whiskey, small-batch, straight-bourbon",Angel's Envy,TRUE,201.99,https://www.liquorstore-online.com/product_images/p_250926.webp,24003
angels-envy-straight-port-cask-finish-kentucky-straight-bourbon-whiskey-70cl-43.3-abv,Angel's Envy - Straight Port Cask Finish Kentucky Straight Bourbon Whiskey 70cl 43.3% ABV,Bourbon,"bourbon, whiskey, straight-bourbon",Angel's Envy,TRUE,207.99,https://www.liquorstore-online.com/product_images/p_229248.webp,19977
angels-envy-straight-port-cask-finish-kentucky-straight-bourbon-whiskey-70cl-43.3-abv-includes-martini-glass-pin-badge,Angel's Envy - Straight Port Cask Finish Kentucky Straight Bourbon Whiskey 70cl 43.3% ABV (Includes Martini Glass & Pin Badge),Bourbon,"bourbon, whiskey, straight-bourbon",Angel's Envy,TRUE,207.99,https://www.liquorstore-online.com/product_images/p_252910.webp,24970
angels-envy-cask-strength-kentucky-straight-bourbon-whiskey-2013-750ml,Angel's Envy Cask Strength Kentucky Straight Bourbon Whiskey 2013 (750ml),Bourbon,"bourbon, whiskey, straight-bourbon",Angel's Envy,TRUE,787.99,https://www.liquorstore-online.com/product_images/p_265573.webp,101232
angels-envy-kentucky-straight-bourbon-whiskey-750ml,Angel's Envy Kentucky Straight Bourbon Whiskey 750ml,Bourbon,"bourbon, whiskey, straight-bourbon",Angel's Envy,TRUE,85.99,https://www.liquorstore-online.com/product_images/p_176799.webp,56c26aa075627570b0070000
angels-envy-port-wine-barrel-finish-kentucky-straight-bourbon-2020-750ml,Angel's Envy Port Wine Barrel Finish Kentucky Straight Bourbon  2020 (750ml),Bourbon,"bourbon, whiskey, straight-bourbon",Angel's Envy,TRUE,377.99,https://www.liquorstore-online.com/product_images/p_268014.webp,6655599
angels-envy-port-wine-barrel-finish-kentucky-straight-bourbon-whiskey-750ml,Angel's Envy Port Wine Barrel Finish Kentucky Straight Bourbon Whiskey (750ml),Bourbon,"bourbon, whiskey, straight-bourbon",Angel's Envy,TRUE,74.89,https://www.liquorstore-online.com/product_images/p_261679.webp,134078
angels-envy-triple-oak-bourbon-750ml,Angel's Envy Triple Oak Bourbon 750ml,Bourbon,"bourbon, whiskey",Angel's Envy,TRUE,102.99,https://www.liquorstore-online.com/product_images/p_252475.webp,668327d68265a331c08ff0f4
angels-envy-bourbon-whiskey-100ml,Angels Envy Bourbon Whiskey (100ml),Bourbon,"bourbon, whiskey",Angels Envy,TRUE,36.89,https://www.liquorstore-online.com/product_images/p_264372.webp,989706
annandale-rare-vintage-man-o-sword-single-bourbon-cask-102-2014-whisky-70cl-61.5-abv,Annandale - Rare Vintage Man O' Sword - Single Bourbon Cask #102 2014 Whisky 70cl 61.5% ABV,Bourbon,"bourbon, whiskey",Annandale,TRUE,691.99,https://www.liquorstore-online.com/product_images/p_166011.webp,15273
annandale-rare-vintage-man-o-words-single-bourbon-cask-143-2014-whisky-70cl-61.3-abv,Annandale - Rare Vintage Man O' Words - Single Bourbon Cask #143 2014 Whisky 70cl 61.3% ABV,Bourbon,"bourbon, whiskey",Annandale,TRUE,652.99,https://www.liquorstore-online.com/product_images/p_167286.webp,15272
ardmore-17-year-old-coopers-choice-single-bourbon-cask-801285-2003-whisky-70cl-48.5-abv,Ardmore - 17 year old Cooper's Choice - Single Bourbon Cask #801285 2003 Whisky 70cl 48.5% ABV,Bourbon,"bourbon, whiskey",Ardmore,TRUE,362.99,https://www.liquorstore-online.com/product_images/p_166217.webp,13835
ardmore-9-year-old-carn-mor-strictly-limited-bourbon-cask-finish-single-malt-scotch-2012-whisky-70cl-47.5-abv,Ardmore - 9 year old Carn Mor Strictly Limited Bourbon Cask Finish Single Malt Scotch 2012 Whisky 70cl 47.5% ABV,Bourbon,"bourbon, whiskey, single-malt",Ardmore,TRUE,214.99,https://www.liquorstore-online.com/product_images/p_179734.webp,16400
art-of-alchemy-blended-straight-bourbon-750ml,Art Of Alchemy Blended Straight Bourbon (750ml),Bourbon,"bourbon, whiskey, straight-bourbon",Art Of,TRUE,93.99,https://www.liquorstore-online.com/product_images/p_263030.webp,8965895
arthur-wheeler-spirits-company-1932-commanders-edition-bourbon-whiskey-750ml,Arthur Wheeler Spirits Company 1932 Commanders Edition Bourbon Whiskey (750ml),Bourbon,"bourbon, whiskey",Arthur Wheeler,TRUE,74.89,https://www.liquorstore-online.com/product_images/p_263537.webp,3458211
auchroisk-murray-mcdavid-cask-craft-bourbon-finish-single-malt-scotch-whisky-70cl-44.5-abv,Auchroisk - Murray McDavid Cask Craft - Bourbon Finish Single Malt Scotch Whisky 70cl 44.5% ABV,Bourbon,"bourbon, whiskey, single-malt",Auchroisk,TRUE,139.99,https://www.liquorstore-online.com/product_images/p_193987.jpg,18432
backbone-bourbon-company-bone-dry-gin-750ml,Backbone Bourbon Company Bone Dry Gin (750ml),Bourbon,"bourbon, whiskey",Backbone Bourbon,TRUE,64.89,https://www.liquorstore-online.com/product_images/p_261917.webp,151532
bakers-bourbon-whiskey-750ml,Baker's Bourbon Whiskey 750ml,Bourbon,"bourbon, whiskey",Baker's,TRUE,101.99,https://www.liquorstore-online.com/product_images/p_255436.webp,5521ceef6561310003350000
bakers-high-rye-bourbon-750ml,Baker's High Rye Bourbon 750ml,Bourbon,"bourbon, whiskey, rye",Baker's,TRUE,116.99,https://www.liquorstore-online.com/product_images/p_258027.webp,655c38a070ea6b54c8130b02
bakers-7-years-old-single-barrel-kentucky-straight-bourbon-whiskey-750ml,Bakers 7 Years Old Single Barrel Kentucky Straight Bourbon Whiskey 750ml,Bourbon,"bourbon, whiskey, single-barrel, straight-bourbon",Baker's,TRUE,91.98,https://www.liquorstore-online.com/product_images/p_185539.webp,6374213ee4d8fc0e8280d9f3
balblair-10-year-old-stirling-distillery-sons-of-scotland-single-bourbon-cask-404182-2014-whisky-70cl-50-abv0,Balblair - 10 year old Stirling Distillery - Sons Of Scotland Single Bourbon Cask #404182 2014 Whisky 70cl 50% ABV0,Bourbon,"bourbon, whiskey",Balblair,TRUE,220.99,https://www.liquorstore-online.com/product_images/p_253172.webp,25060
ballechin-20-year-old-small-batch-bourbon-cask-matured-single-malt-scotch-2004-whisky-70cl-52.8-abv,Ballechin - 20 year old Small Batch Bourbon Cask Matured Single Malt Scotch 2004 Whisky 70cl 52.8% ABV,Bourbon,"bourbon, whiskey, small-batch, single-malt",Ballechin,TRUE,522.99,https://www.liquorstore-online.com/product_images/p_222040.webp,20817
balvenie-14-year-old-curious-casks-american-bourbon-barrel-single-malt-scotch-whisky-70cl-47.8-abv,Balvenie - 14 year old Curious Casks - American Bourbon Barrel Single Malt Scotch Whisky 70cl 47.8% ABV,Bourbon,"bourbon, whiskey, single-malt",Balvenie,TRUE,256.99,https://www.liquorstore-online.com/product_images/p_222690.webp,20744
balvenie-stories-14-year-old-single-malt-scotch-whisky-american-bourbon-barrel-750ml,Balvenie Stories 14 Year Old Single Malt Scotch Whisky American Bourbon Barrel 750ml,Bourbon,"bourbon, whiskey, single-malt",The Balvenie,TRUE,152.48,https://www.liquorstore-online.com/product_images/p_227849.webp,667ac306b97d7b55db93070e
bardstown-bourbon-co-collab-series-lochs-of-jura-750ml,Bardstown Bourbon Co. Collab Series Lochs of Jura (750ml),Bourbon,"bourbon, whiskey",Bardstown Bourbon,TRUE,245.99,https://www.liquorstore-online.com/product_images/p_268001.webp,656229
bardstown-bourbon-co-discovery-series-9-750ml,Bardstown Bourbon Co. Discovery Series #9 (750ml),Bourbon,"bourbon, whiskey",Bardstown Bourbon,TRUE,225.99,https://www.liquorstore-online.com/product_images/p_262408.webp,186633
bardstown-bourbon-co-discovery-series-2026-750ml,Bardstown Bourbon Co. Discovery Series 2026 (750ml),Bourbon,"bourbon, whiskey",Bardstown Bourbon,TRUE,225.99,https://www.liquorstore-online.com/product_images/p_268004.webp,656228
bardstown-bourbon-co-ferrand-cognac-barrels-finish-kentucky-bourbon-750ml,Bardstown Bourbon Co. Ferrand Cognac Barrels Finish Kentucky Bourbon (750ml),Bourbon,"bourbon, whiskey",Bardstown Bourbon,TRUE,255.99,https://www.liquorstore-online.com/product_images/p_264279.webp,987002
bardstown-bourbon-co-nj-bourbon-barrel-club-single-barrel-rey-750ml,Bardstown Bourbon Co. NJ Bourbon Barrel Club Single Barrel Rey (750ml),Bourbon,"bourbon, whiskey, single-barrel",Bardstown Bourbon,TRUE,165.49,https://www.liquorstore-online.com/product_images/p_267431.webp,353389
bardstown-bourbon-co-origin-bourbon-6yr-wheated-bottled-in-bond-750ml,Bardstown Bourbon Co. Origin Bourbon 6yr. Wheated Bottled-in-Bond (750ml),Bourbon,"bourbon, whiskey",Bardstown Bourbon,TRUE,88.99,https://www.liquorstore-online.com/product_images/p_262491.webp,187851
bardstown-bourbon-co-origin-series-bottled-in-bond-750ml,Bardstown Bourbon Co. Origin Series Bottled In Bond 750ml,Bourbon,"bourbon, whiskey",The Bardstown Bourbon Company,TRUE,71.89,https://www.liquorstore-online.com/product_images/p_252490.webp,63615422434ed710dc9c35c5
bardstown-bourbon-co-origin-series-ks-wheated-bourbon-106-proof-750ml,Bardstown Bourbon Co. Origin Series KS Wheated Bourbon 106 proof (750ml),Bourbon,"bourbon, whiskey",Bardstown Bourbon,TRUE,74.89,https://www.liquorstore-online.com/product_images/p_263260.webp,4658222
bardstown-bourbon-co-origin-series-straight-bourbon-96-proof-6yr-750ml,Bardstown Bourbon Co. Origin Series Straight Bourbon 96 proof 6yr. (750ml),Bourbon,"bourbon, whiskey, straight-bourbon",Bardstown Bourbon,TRUE,74.89,https://www.liquorstore-online.com/product_images/p_262490.webp,187852
bardstown-bourbon-co-origin-series-straight-rye-6yr-,Bardstown Bourbon Co. Origin Series Straight Rye 6yr. 750ml,Bourbon,"bourbon, whiskey, straight-bourbon, rye",Bardstown Bourbon,TRUE,103.99,https://www.liquorstore-online.com/product_images/p_262590.webp,BOSR001
bardstown-bourbon-co-schneiders-single-barrel-112-proof-750ml,Bardstown Bourbon Co. Schneider's Single Barrel 112 Proof (750ml),Bourbon,"bourbon, whiskey, single-barrel",Bardstown Bourbon,TRUE,133.99,https://www.liquorstore-online.com/product_images/p_264854.webp,919923
barenjager-honey-bourbon-375ml,Barenjager Honey & Bourbon 375ml,Bourbon,"bourbon, whiskey",Bärenjäger,TRUE,41.89,https://www.liquorstore-online.com/product_images/p_184332.webp,58a7451601ff95307e9d5ba5
barenjager-honey-bourbon-750ml,Barenjager Honey Bourbon 750ml,Bourbon,"bourbon, whiskey",Bärenjäger,TRUE,55.89,https://www.liquorstore-online.com/product_images/p_176721.webp,599642da100fde359b9737ae
barrell-bourbon-batch-037-cask-strength-a-111.38-proof-750ml,Barrell Bourbon Batch 037 Cask Strength â 111.38 Proof (750ml),Bourbon,"bourbon, whiskey",Barrell Bourbon,TRUE,108.99,https://www.liquorstore-online.com/product_images/p_267914.webp,102437
barrell-bourbon-batch-36-750ml,Barrell Bourbon Batch 36 (750ml),Bourbon,"bourbon, whiskey",Barrell Bourbon,TRUE,93.99,https://www.liquorstore-online.com/product_images/p_262632.webp,035
barrell-bourbon-cigar-blend-750ml,Barrell Bourbon Cigar Blend 750ml,Bourbon,"bourbon, whiskey",Barrell,TRUE,113.99,https://www.liquorstore-online.com/product_images/p_258208.webp,69b34cef6c4601000196db0b
barrell-bourbon-foundation-750ml,Barrell Bourbon Foundation (750ml),Bourbon,"bourbon, whiskey",Barrell Bourbon,TRUE,67.89,https://www.liquorstore-online.com/product_images/p_262677.webp,850053456084
barrell-bourbon-single-barrel-z6l9-750ml,Barrell Bourbon Single Barrel Z6L9 (750ml),Bourbon,"bourbon, whiskey, single-barrel",Barrell Bourbon,TRUE,108.99,https://www.liquorstore-online.com/product_images/p_267904.webp,656246
barrell-craft-bourbon-batch-016-9-year-52.9-proof-750ml,Barrell Craft Bourbon Batch 016 - 9 Year 52.9% proof (750ml),Bourbon,"bourbon, whiskey",Barrell Craft Bourbon Batch 016,TRUE,133.99,https://www.liquorstore-online.com/product_images/p_265033.webp,100708
barrell-craft-bourbon-batch-019-9-year-54.7-proof-750ml,Barrell Craft Bourbon Batch 019 - 9 Year 54.7% proof (750ml),Bourbon,"bourbon, whiskey",Barrell Craft Bourbon Batch 019,TRUE,133.99,https://www.liquorstore-online.com/product_images/p_265032.webp,100707
barrell-craft-spirits-cigar-blend-bourbon-750ml,Barrell Craft Spirits Cigar Blend Bourbon (750ml),Bourbon,"bourbon, whiskey",Barrell Craft,TRUE,123.99,https://www.liquorstore-online.com/product_images/p_267611.webp,656374
barrell-craft-spirits-foundation-bourbon-aged-5-years-750ml,Barrell Craft Spirits Foundation Bourbon Aged 5 Years 750ml,Bourbon,"bourbon, whiskey",Barrell Craft Spirits,TRUE,90.99,https://www.liquorstore-online.com/product_images/p_222220.webp,6526020528a5e73be4af4770
barrell-craft-spirits-gray-label-bourbon-whiskey-release-no-1-750ml,Barrell Craft Spirits Gray Label Bourbon Whiskey Release No. 1 (750ml),Bourbon,"bourbon, whiskey",Barrell Craft,TRUE,377.99,https://www.liquorstore-online.com/product_images/p_263431.webp,12449920
barrell-craft-spirits-gray-label-cask-strength-bourbon-edition-6-13yr-110.12-proof-750ml,Barrell Craft Spirits Gray Label Cask Strength Bourbon Edition 6  13yr 110.12 Proof (750ml),Bourbon,"bourbon, whiskey",Barrell Craft,TRUE,314.49,https://www.liquorstore-online.com/product_images/p_263389.webp,456754
barrell-craft-spirits-vantage-blended-bourbon-750ml,Barrell Craft Spirits Vantage Blended Bourbon 750ml,Bourbon,"bourbon, whiskey",Barrell,TRUE,129.99,https://www.liquorstore-online.com/product_images/p_185234.png,630e9e153c03d131ea11f3ed
barrell-foundation-double-barrel-bourbon-750ml,Barrell Foundation Double Barrel Bourbon 750ml,Bourbon,"bourbon, whiskey",Barrell,TRUE,90.99,https://www.liquorstore-online.com/product_images/p_259018.webp,679060925fb4a15d27972c82
barrell-gold-label-bourbon-750ml,Barrell Gold Label Bourbon (750ml),Bourbon,"bourbon, whiskey",Barrell Gold,TRUE,737.99,https://www.liquorstore-online.com/product_images/p_262234.webp,180172
basil-hayden-10-year-old-bourbon-whiskey-750ml,Basil Hayden 10 Year Old Bourbon Whiskey 750ml,Bourbon,"bourbon, whiskey",Basil Hayden,TRUE,112.99,https://www.liquorstore-online.com/product_images/p_183171.webp,5beda67743c0c96c01b6de15
basil-hayden-bourbon-whiskey-1.75l,Basil Hayden Bourbon Whiskey 1.75L,Bourbon,"bourbon, whiskey",Basil Hayden,TRUE,101.99,https://www.liquorstore-online.com/product_images/p_183163.webp,5e39e9340320ad2acf6be420
basil-hayden-bourbon-whiskey-1l,Basil Hayden Bourbon Whiskey 1L,Bourbon,"bourbon, whiskey",Basil Hayden,TRUE,102.99,https://www.liquorstore-online.com/product_images/p_177724.webp,5acfd80cdb416b36112d7c71
basil-hayden-bourbon-whiskey-375ml,Basil Hayden Bourbon Whiskey 375ml,Bourbon,"bourbon, whiskey",Basil Hayden,TRUE,54.88,https://www.liquorstore-online.com/product_images/p_178210.webp,6193d788616c583f36b52fce
basil-hayden-bourbon-whiskey-750ml,Basil Hayden Bourbon Whiskey 750ml,Bourbon,"bourbon, whiskey",Basil Hayden,TRUE,62.89,https://www.liquorstore-online.com/product_images/p_176792.webp,5521ceef6561310003410000
basil-hayden-toast-bourbon-whiskey-750ml,Basil Hayden Toast Bourbon Whiskey 750ml,Bourbon,"bourbon, whiskey",Basil Hayden,TRUE,86.99,https://www.liquorstore-online.com/product_images/p_176860.webp,60b671ca08b171714a040725
basil-haydens-toast-kentucky-straight-bourbon-whiskey-750ml,Basil Hayden's 'Toast' Kentucky Straight Bourbon Whiskey (750ml),Bourbon,"bourbon, whiskey, straight-bourbon",Basil Hayden's,TRUE,99.99,https://www.liquorstore-online.com/product_images/p_268238.webp,178654
basil-haydens-kentucky-straight-bourbon-whiskey-70cl-40-abv,Basil Hayden's - Kentucky Straight Bourbon Whiskey 70cl 40% ABV,Bourbon,"bourbon, whiskey, straight-bourbon",Basil Hayden's,TRUE,188.99,https://www.liquorstore-online.com/product_images/p_166200.webp,15871
basil-haydens-red-wine-cask-kentucky-straight-bourbon-whiskey-70cl-40-abv,Basil Hayden's - Red Wine Cask Kentucky Straight Bourbon Whiskey 70cl 40% ABV,Bourbon,"bourbon, whiskey, straight-bourbon",Basil Hayden's,TRUE,260.99,https://www.liquorstore-online.com/product_images/p_253696.webp,25377
basil-haydens-kentucky-straight-bourbon-whiskey-375ml,Basil Hayden's Kentucky Straight Bourbon Whiskey (375ml),Bourbon,"bourbon, whiskey, straight-bourbon",Basil Hayden's,TRUE,53.89,https://www.liquorstore-online.com/product_images/p_262027.webp,165332
basil-haydens-kentucky-straight-bourbon-whiskey-750ml,Basil Hayden's Kentucky Straight Bourbon Whiskey (750ml),Bourbon,"bourbon, whiskey, straight-bourbon",Basil Hayden's,TRUE,68.89,https://www.liquorstore-online.com/product_images/p_261319.webp,130325
bear-fight-kentucky-reserve-bourbon-750ml,Bear Fight Kentucky Reserve Bourbon 750ml,Bourbon,"bourbon, whiskey",Bear Fight,TRUE,57.89,https://www.liquorstore-online.com/product_images/p_259065.webp,662fbbf822a5857410b30e9f
ben-holladay-soft-red-wheat-bottled-in-bond-straight-bourbon-whiskey-70cl-50-abv,Ben Holladay - Soft Red Wheat Bottled In Bond Straight Bourbon Whiskey 70cl 50% ABV,Bourbon,"bourbon, whiskey, straight-bourbon",Ben Holladay,TRUE,201.99,https://www.liquorstore-online.com/product_images/p_222651.webp,21041
ben-holladay-soft-wheat-rickhouse-750ml,Ben Holladay Soft Wheat Rickhouse 750ml,Bourbon,"bourbon, whiskey",Ben Holladay,TRUE,105.99,https://www.liquorstore-online.com/product_images/p_227666.webp,654ee66d462dd607e749bb53
ben-nevis-24-year-old-coopers-choice-single-bourbon-cask-7687-1997-whisky-70cl-47.5-abv,Ben Nevis - 24 year old Cooper's Choice - Single Bourbon Cask #7687 1997 Whisky 70cl 47.5% ABV,Bourbon,"bourbon, whiskey",Ben Nevis,TRUE,678.99,https://www.liquorstore-online.com/product_images/p_248916.webp,14189
benriach-25-year-old-single-bourbon-cask-4936-1990-whisky-70cl-50.4-abv,Benriach - 25 year old Single Bourbon Cask #4936 1990 Whisky 70cl 50.4% ABV,Bourbon,"bourbon, whiskey",Benriach,TRUE,920.99,https://www.liquorstore-online.com/product_images/p_248884.webp,6637
benrinnes-11-year-old-benchmark-bourbon-cask-single-malt-scotch-2013-whisky-70cl-55.8-abv0,Benrinnes - 11 year old Benchmark Bourbon Cask Single Malt Scotch 2013 Whisky 70cl 55.8% ABV0,Bourbon,"bourbon, whiskey, single-malt",Benrinnes,TRUE,207.99,https://www.liquorstore-online.com/product_images/p_250737.webp,24102
benromach-10-year-old-single-bourbon-cask-832-2013-whisky-70cl-61.2-abv-uk-exclusive,Benromach - 10 year old Single Bourbon Cask #832 2013 Whisky 70cl 61.2% ABV (UK Exclusive),Bourbon,"bourbon, whiskey",Benromach,TRUE,260.99,https://www.liquorstore-online.com/product_images/p_253427.webp,25298
beringer-bros-bourbon-barrel-aged-california-cabernet-sauvignon-red-wine-750ml,Beringer Bros. Bourbon Barrel Aged California Cabernet Sauvignon Red Wine 750ml,Bourbon,"bourbon, whiskey",Beringer Bros.,TRUE,42.89,https://www.liquorstore-online.com/product_images/p_182227.webp,5a74cb820abe0a4f827e9999
berkshire-mountain-distillers-bourbon-750ml,Berkshire Mountain Distillers Bourbon 750ml,Bourbon,"bourbon, whiskey",Berkshire Mountain,TRUE,68.88,https://www.liquorstore-online.com/product_images/p_183362.webp,5521cefb6561310003830300
bhakta-2014-bourbon-750ml,Bhakta 2014 Bourbon (750ml),Bourbon,"bourbon, whiskey",Bhakta 2014,TRUE,165.49,https://www.liquorstore-online.com/product_images/p_265273.webp,100900
bhakta-spirits-2011-armagnac-cask-finish-bourbon-whiskey-750ml,Bhakta Spirits 2011 Armagnac Cask Finish Bourbon Whiskey 750ml,Bourbon,"bourbon, whiskey",Bhakta,TRUE,183.49,https://www.liquorstore-online.com/product_images/p_252242.webp,67fdb48ae24e8b29ded0a5b5
bib-tucker-10-year-old-small-batch-bourbon-whiskey-750ml,Bib & Tucker 10 Year Old Small Batch Bourbon Whiskey 750ml,Bourbon,"bourbon, whiskey, small-batch",Bib & Tucker,TRUE,108.99,https://www.liquorstore-online.com/product_images/p_248175.webp,5eeba7d6f8662a5b4540f963
bib-tucker-6-years-old-double-char-small-batch-bourbon-whiskey-750ml,Bib & Tucker 6 Years Old Double Char Small Batch Bourbon Whiskey 750ml,Bourbon,"bourbon, whiskey, small-batch",Bib & Tucker,TRUE,66.89,https://www.liquorstore-online.com/product_images/p_211250.webp,6488f3c96afd913b1f035f9f
bib-tucker-small-batch-bourbon-6-yr-750ml,Bib & Tucker Small Batch Bourbon 6 yr 750ml,Bourbon,"bourbon, whiskey, small-batch",Bib & Tucker,TRUE,66.83,https://www.liquorstore-online.com/product_images/p_177998.webp,5a7205220abe0a0d888d3293
bimber-ex-bourbon-cask-batch-no-1-english-single-malt-2016-whisky-70cl-51.8-abv,Bimber - Ex-Bourbon Cask Batch No. 1 English Single Malt 2016 Whisky 70cl 51.8% ABV,Bourbon,"bourbon, whiskey, single-malt",Bimber,TRUE,522.99,https://www.liquorstore-online.com/product_images/p_185025.webp,12190
bimber-ex-bourbon-cask-batch-no-2-english-single-malt-2016-whisky-70cl-52.2-abv,Bimber - Ex-Bourbon Cask Batch No. 2 English Single Malt 2016 Whisky 70cl 52.2% ABV,Bourbon,"bourbon, whiskey, single-malt",Bimber,TRUE,362.99,https://www.liquorstore-online.com/product_images/p_187070.webp,12984
bimber-ex-bourbon-cask-batch-no-3-english-single-malt-whisky-70cl-51.6-abv,Bimber - Ex-Bourbon Cask Batch No. 3 English Single Malt Whisky 70cl 51.6% ABV,Bourbon,"bourbon, whiskey, single-malt",Bimber,TRUE,362.99,https://www.liquorstore-online.com/product_images/p_248915.webp,14184
bimber-ex-bourbon-cask-batch-no-4-english-single-malt-whisky-70cl-51.2-abv,Bimber - Ex-Bourbon Cask Batch No. 4 English Single Malt Whisky 70cl 51.2% ABV,Bourbon,"bourbon, whiskey, single-malt",Bimber,TRUE,324.99,https://www.liquorstore-online.com/product_images/p_188883.webp,18299
binders-stash-8-year-bourbon-crazy-grain-750ml,Binder's Stash 8-Year Bourbon 'Crazy Grain' - (750ml),Bourbon,"bourbon, whiskey",Binder's Stash 8-Year Bourbon 'Crazy Grain',TRUE,533.99,https://www.liquorstore-online.com/product_images/p_265305.webp,646647
binders-stash-8-year-bourbon-pinch-of-darkness-750ml,Binder's Stash 8-Year Bourbon 'Pinch of Darkness' - (750ml),Bourbon,"bourbon, whiskey",Binder's Stash 8-Year Bourbon 'Pinch of Darkness',TRUE,533.99,https://www.liquorstore-online.com/product_images/p_265308.webp,646649
binders-stash-8-year-bourbon-planet-caramel-750ml,Binder's Stash 8-Year Bourbon 'Planet Caramel' - (750ml),Bourbon,"bourbon, whiskey",Binder's Stash 8-Year Bourbon 'Planet Caramel',TRUE,533.99,https://www.liquorstore-online.com/product_images/p_265304.webp,646646
binders-stash-8-year-bourbon-snowbound-750ml,Binder's Stash 8-Year Bourbon 'Snowbound' - (750ml),Bourbon,"bourbon, whiskey",Binder's Stash 8-Year Bourbon 'Snowbound',TRUE,533.99,https://www.liquorstore-online.com/product_images/p_265307.webp,646648
binders-stash-9-year-bourbon-breakfast-of-champions-750ml,Binder's Stash 9-Year Bourbon 'Breakfast of Champions' - (750ml),Bourbon,"bourbon, whiskey",Binder's Stash 9-Year Bourbon 'Breakfast of Champions',TRUE,583.99,https://www.liquorstore-online.com/product_images/p_268432.webp,656209
binders-stash-9-year-bourbon-children-of-the-stave-750ml,Binder's Stash 9-Year Bourbon 'Children of the Stave' - (750ml),Bourbon,"bourbon, whiskey",Binder's Stash 9-Year Bourbon 'Children of the Stave',TRUE,607.99,https://www.liquorstore-online.com/product_images/p_265310.webp,646650
binders-stash-9-year-bourbon-excusez-moi-750ml,Binder's Stash 9-Year Bourbon 'Excusez Moi' - (750ml),Bourbon,"bourbon, whiskey",Binder's Stash 9-Year Bourbon 'Excusez Moi',TRUE,583.99,https://www.liquorstore-online.com/product_images/p_268433.webp,656208
black-dirt-4-year-bourbon-750ml,Black Dirt 4 Year Bourbon 750ml,Bourbon,"bourbon, whiskey",Black Dirt Distillery,TRUE,64.88,https://www.liquorstore-online.com/product_images/p_183639.webp,5ff326878229f62566ea9e59
black-maple-hill-premium-small-batch-kentucky-straight-bourbon-700ml,Black Maple Hill Premium Small Batch Kentucky Straight Bourbon (700ml),Bourbon,"bourbon, whiskey, small-batch, straight-bourbon",Black Maple,TRUE,123.99,https://www.liquorstore-online.com/product_images/p_267635.webp,656363
black-maple-hill-premium-small-batch-kentucky-straight-bourbon-waxed-top-750ml,Black Maple Hill Premium Small Batch Kentucky Straight Bourbon Waxed Top (750ml),Bourbon,"bourbon, whiskey, small-batch, straight-bourbon",Black Maple,TRUE,1558.99,https://www.liquorstore-online.com/product_images/p_264600.webp,100127
blackland-bourbon-750ml,Blackland Bourbon 750ml,Bourbon,"bourbon, whiskey",Blackland,TRUE,64.88,https://www.liquorstore-online.com/product_images/p_244420.webp,5da4df657c00eb5a4dd42a29
blackland-texas-pecan-brown-sugar-bourbon-750ml,Blackland Texas Pecan Brown Sugar Bourbon 750ml,Bourbon,"bourbon, whiskey",Blackland,TRUE,64.88,https://www.liquorstore-online.com/product_images/p_244418.webp,5fe4fdd2a597162e961b2c25
blade-and-bow-bourbon-750ml,Blade And Bow Bourbon 750ml,Bourbon,"bourbon, whiskey",Blade And,TRUE,85.99,https://www.liquorstore-online.com/product_images/p_177177.webp,56c2960e756275139d3b0500
bladnoch-11-year-old-bourbon-cask-matured-2021-edition-lowland-single-malt-scotch-whisky-70cl-46.7-abv,Bladnoch - 11 year old Bourbon Cask Matured 2021 Edition Lowland Single Malt Scotch Whisky 70cl 46.7% ABV,Bourbon,"bourbon, whiskey, single-malt",Bladnoch,TRUE,362.99,https://www.liquorstore-online.com/product_images/p_230410.webp,13514
bladnoch-11-year-old-bourbon-cask-matured-lowland-single-malt-scotch-whisky-70cl-46.7-abv,Bladnoch - 11 year old Bourbon Cask Matured Lowland Single Malt Scotch Whisky 70cl 46.7% ABV,Bourbon,"bourbon, whiskey, single-malt",Bladnoch,TRUE,260.99,https://www.liquorstore-online.com/product_images/p_226888.webp,21201
bladnoch-16-year-old-single-bourbon-cask-220-2008-whisky-70cl-53.1-abv,Bladnoch - 16 year old Single Bourbon Cask #220 2008 Whisky 70cl 53.1% ABV,Bourbon,"bourbon, whiskey",Bladnoch,TRUE,419.99,https://www.liquorstore-online.com/product_images/p_226790.webp,21070
bladnoch-17-year-old-single-bourbon-cask-477-2007-whisky-70cl-52.6-abv,Bladnoch - 17 year old Single Bourbon Cask #477 2007 Whisky 70cl 52.6% ABV,Bourbon,"bourbon, whiskey",Bladnoch,TRUE,528.99,https://www.liquorstore-online.com/product_images/p_226788.webp,21068
bladnoch-26-year-old-coopers-choice-single-bourbon-cask-30339-1990-whisky-70cl-46-abv,Bladnoch - 26 year old Cooper's Choice - Single Bourbon Cask #30339 1990 Whisky 70cl 46% ABV,Bourbon,"bourbon, whiskey",Bladnoch,TRUE,756.99,https://www.liquorstore-online.com/product_images/p_222477.webp,7690
bladnoch-29-year-old-wemyss-malts-bourbon-barrel-bonanaza-single-cask-1990-whisky-70cl-46-abv,Bladnoch - 29 year old Wemyss Malts - Bourbon Barrel Bonanaza! Single Cask 1990 Whisky 70cl 46% ABV,Bourbon,"bourbon, whiskey",Bladnoch,TRUE,1050.99,https://www.liquorstore-online.com/product_images/p_202136.webp,12678
blair-athol-12-year-old-chapter-7-single-ex-bourbon-cask-301068-2009-whisky-70cl-52.5-abv,Blair Athol - 12 year old Chapter 7 - Single Ex-Bourbon Cask #301068 2009 Whisky 70cl 52.5% ABV,Bourbon,"bourbon, whiskey",Blair Athol,TRUE,260.99,https://www.liquorstore-online.com/product_images/p_187210.webp,15465
blantons-2019-special-release-single-barrel-291-bourbon-whiskey-70cl-49-abv,Blanton's - 2019 Special Release Single Barrel #291 Bourbon Whiskey 70cl 49% ABV,Bourbon,"bourbon, whiskey, single-barrel",Blanton's,TRUE,4529.99,https://www.liquorstore-online.com/product_images/p_221858.webp,20758
blantons-2022-collection-la-maison-du-whisky-france-edition-single-barrel-22-bourbon-whiskey-70cl-50-abv,"Blanton's - 2022 Collection - La Maison Du Whisky France Edition"" Single Barrel #22 Bourbon Whiskey 70cl 50% ABV""",Bourbon,"bourbon, whiskey, single-barrel",Blanton's,TRUE,2737.99,https://www.liquorstore-online.com/product_images/p_220269.webp,20200
blantons-2022-collection-la-maison-du-whisky-paris-edition-single-barrel-76-bourbon-whiskey-70cl-63.1-abv,"Blanton's - 2022 Collection - La Maison Du Whisky Paris Edition"" Single Barrel #76 Bourbon Whiskey 70cl 63.1% ABV""",Bourbon,"bourbon, whiskey, single-barrel",Blanton's,TRUE,2737.99,https://www.liquorstore-online.com/product_images/p_220271.webp,20202
blantons-2022-collection-la-maison-du-whisky-singapore-edition-single-barrel-28-bourbon-whiskey-70cl-50-abv,"Blanton's - 2022 Collection - La Maison Du Whisky Singapore Edition"" Single Barrel #28 Bourbon Whiskey 70cl 50% ABV""",Bourbon,"bourbon, whiskey, single-barrel",Blanton's,TRUE,2737.99,https://www.liquorstore-online.com/product_images/p_220270.webp,20201
blantons-gold-edition-single-barrel-kentucky-straight-bourbon-whiskey-70cl-51.5-abv,Blanton's - Gold Edition Single Barrel Kentucky Straight Bourbon Whiskey 70cl 51.5% ABV,Bourbon,"bourbon, whiskey, single-barrel, straight-bourbon",Blanton's,TRUE,286.99,https://www.liquorstore-online.com/product_images/p_201760.webp,6790
blantons-original-single-barrel-kentucky-straight-bourbon-whiskey-70cl-46.5-abv,Blanton's - Original Single Barrel Kentucky Straight Bourbon Whiskey 70cl 46.5% ABV,Bourbon,"bourbon, whiskey, single-barrel, straight-bourbon",Blanton's,TRUE,247.99,https://www.liquorstore-online.com/product_images/p_201762.webp,7686
blantons-silver-edition-2003-single-barrel-kentucky-straight-bourbon-whiskey-70cl-49-abv,Blanton's - Silver Edition 2003 Single Barrel Kentucky Straight Bourbon Whiskey 70cl 49% ABV,Bourbon,"bourbon, whiskey, single-barrel, straight-bourbon",Blanton's,TRUE,4529.99,https://www.liquorstore-online.com/product_images/p_221857.webp,20757
blantons-straight-from-the-barrel-letter-n-single-barrel-bourbon-whiskey-70cl-60-abv-version-1,"Blanton's - Straight From The Barrel - Letter N"" Single Barrel Bourbon Whiskey 70cl 60% ABV (Version #1)""",Bourbon,"bourbon, whiskey, single-barrel, straight-bourbon",Blanton's,TRUE,362.99,https://www.liquorstore-online.com/product_images/p_247695.webp,23083
blantons-straight-from-the-barrel-letter-o-single-barrel-bourbon-whiskey-70cl-60-abv,"Blanton's - Straight From The Barrel - Letter O"" Single Barrel Bourbon Whiskey 70cl 60% ABV""",Bourbon,"bourbon, whiskey, single-barrel, straight-bourbon",Blanton's,TRUE,362.99,https://www.liquorstore-online.com/product_images/p_247697.webp,23085
blantons-straight-from-the-barrel-letter-t-single-barrel-bourbon-whiskey-70cl-60-abv,"Blanton's - Straight From The Barrel - Letter T"" Single Barrel Bourbon Whiskey 70cl 60% ABV""",Bourbon,"bourbon, whiskey, single-barrel, straight-bourbon",Blanton's,TRUE,362.99,https://www.liquorstore-online.com/product_images/p_247696.webp,23084
blantons-bourbon-gold-edition-750ml,Blantons Bourbon Gold Edition (750ml),Bourbon,"bourbon, whiskey",Blantons Bourbon,TRUE,318.49,https://www.liquorstore-online.com/product_images/p_262166.webp,176467
blood-oath-pact-10-kentucky-straight-bourbon-whiskey-75cl-49.3-abv,Blood Oath - Pact #10 Kentucky Straight Bourbon Whiskey 75cl 49.3% ABV,Bourbon,"bourbon, whiskey, straight-bourbon",Blood Oath,TRUE,756.99,https://www.liquorstore-online.com/product_images/p_252480.webp,21968
blood-oath-pact-2-kentucky-straight-bourbon-whiskey-75cl-49.3-abv,Blood Oath - Pact #2 Kentucky Straight Bourbon Whiskey 75cl 49.3% ABV,Bourbon,"bourbon, whiskey, straight-bourbon",Blood Oath,TRUE,3433.99,https://www.liquorstore-online.com/product_images/p_187395.webp,17735
blood-oath-pact-8-kentucky-straight-bourbon-whiskey-75cl-49.3-abv,Blood Oath - Pact #8 Kentucky Straight Bourbon Whiskey 75cl 49.3% ABV,Bourbon,"bourbon, whiskey, straight-bourbon",Blood Oath,TRUE,691.99,https://www.liquorstore-online.com/product_images/p_187146.webp,17437
blood-oath-bourbon-pact-no-11-750ml,Blood Oath Bourbon Pact No. 11 (750ml),Bourbon,"bourbon, whiskey",Blood Oath,TRUE,255.99,https://www.liquorstore-online.com/product_images/p_268258.webp,658400
blood-oath-bourbon-pact-no-12-750ml,Blood Oath Bourbon Pact No. 12 (750ml),Bourbon,"bourbon, whiskey",Blood Oath,TRUE,235.99,https://www.liquorstore-online.com/product_images/p_268426.webp,646321
blood-oath-bourbon-pact-no-12-750ml,Blood Oath Bourbon Pact No. 12 750ml,Bourbon,"bourbon, whiskey",Blood Oath,TRUE,214.99,https://www.liquorstore-online.com/product_images/p_259373.webp,69cc2b2cae7d9d00012e5af5
blue-note-bourbon-uncut-cask-strength-unfiltered-straight-bourbon-whiskey-750ml,Blue Note Bourbon Uncut Cask Strength Unfiltered Straight Bourbon Whiskey 750ml,Bourbon,"bourbon, whiskey, straight-bourbon",Blue Note,TRUE,72.89,https://www.liquorstore-online.com/product_images/p_252911.webp,60a543a09277f108aeb366f2
blue-note-juke-joint-bourbon-750ml,Blue Note Juke Joint Bourbon (750ml),Bourbon,"bourbon, whiskey",Blue Note,TRUE,63.89,https://www.liquorstore-online.com/product_images/p_263656.webp,438995
blue-note-juke-joint-small-batch-bourbon-750ml,Blue Note Juke Joint Small Batch Bourbon 750ml,Bourbon,"bourbon, whiskey, small-batch",Blue Note,TRUE,55.89,https://www.liquorstore-online.com/product_images/p_253790.webp,5eff87876faf2c269b8a9504
blue-note-toasted-bourbon-750ml,Blue Note Toasted Bourbon 750ml,Bourbon,"bourbon, whiskey",Blue Note,TRUE,67.89,https://www.liquorstore-online.com/product_images/p_255104.webp,69d66e2312be3f0001507c6b
blue-note-wheated-bourbon-101-proof-750ml,Blue Note Wheated Bourbon 101 Proof 750ml,Bourbon,"bourbon, whiskey",Blue Note,TRUE,67.89,https://www.liquorstore-online.com/product_images/p_255103.webp,69cec1bb74f2c50001806b03
blue-run-14-year-old-kentucky-straight-bourbon-whiskey-750ml,Blue Run 14 Year Old Kentucky Straight Bourbon Whiskey (750ml),Bourbon,"bourbon, whiskey, straight-bourbon",Blue Run,TRUE,607.99,https://www.liquorstore-online.com/product_images/p_263854.webp,67624355
blue-run-bourbon-13year-750ml,Blue Run Bourbon 13year (750ml),Bourbon,"bourbon, whiskey",Blue Run,TRUE,737.99,https://www.liquorstore-online.com/product_images/p_262223.webp,179659
blue-run-chosen-kentucky-straight-bourbon-whiskey-750ml,Blue Run Chosen Kentucky Straight Bourbon Whiskey 750ml,Bourbon,"bourbon, whiskey, straight-bourbon",BLUE RUN SPIRITS,TRUE,153.49,https://www.liquorstore-online.com/product_images/p_248860.webp,64b0198f91a1da735cd16c45
blue-run-flight-series-ii-joshua-tree-sunrise-kentucky-straight-bourbon-whiskey-750ml,Blue Run Flight Series II Joshua Tree Sunrise Kentucky Straight Bourbon Whiskey 750ml,Bourbon,"bourbon, whiskey, straight-bourbon",BLUE RUN SPIRITS,TRUE,162.49,https://www.liquorstore-online.com/product_images/p_222593.webp,65fb5fb047c9633e6ae69d4b
blue-run-high-rye-bourbon-111.0-proof-750ml,Blue Run High Rye Bourbon 111.0 Proof (750ml),Bourbon,"bourbon, whiskey, rye",Blue Run,TRUE,93.99,https://www.liquorstore-online.com/product_images/p_268242.webp,179998
blue-run-single-barrel-cask-strength-13.5-year-old-kentucky-straight-bourbon-whiskey-750ml,Blue Run Single Barrel Cask Strength 13.5 Year Old Kentucky Straight Bourbon Whiskey (750ml),Bourbon,"bourbon, whiskey, single-barrel, straight-bourbon",Blue Run,TRUE,1188.99,https://www.liquorstore-online.com/product_images/p_263853.webp,63528355
bombergers-declaration-kentucky-straight-bourbon-750ml,Bomberger's Declaration Kentucky Straight Bourbon 750ml,Bourbon,"bourbon, whiskey, straight-bourbon",Bomberger's Declaration,TRUE,194.48,https://www.liquorstore-online.com/product_images/p_184758.webp,5d6eb74ce548d737573ac095
bond-lillard-kentucky-straight-bourbon-375ml,Bond & Lillard Kentucky Straight Bourbon 375ml,Bourbon,"bourbon, whiskey, straight-bourbon",Bond & Lillard,TRUE,99.99,https://www.liquorstore-online.com/product_images/p_256592.webp,58ef99334fca45252ebf59a3
bookers-7-year-old-2024-01-batch-kentucky-straight-bourbon-whiskey-70cl-62.2-abv,Booker's - 7 year old 2024-01 Batch Kentucky Straight Bourbon Whiskey 70cl 62.2% ABV,Bourbon,"bourbon, whiskey, straight-bourbon",Booker's,TRUE,260.99,https://www.liquorstore-online.com/product_images/p_222485.webp,21027
bookers-7-year-old-2025-01-batch-kentucky-straight-bourbon-whiskey-70cl-63.2-abv0,Booker's - 7 year old 2025-01 Batch Kentucky Straight Bourbon Whiskey 70cl 63.2% ABV0,Bourbon,"bourbon, whiskey, straight-bourbon",Booker's,TRUE,223.99,https://www.liquorstore-online.com/product_images/p_249280.jpg,23826
bookers-batch-2025-03-jerrys-batch-kentucky-straight-bourbon-whiskey-750ml,Booker's Batch 2025-03 'Jerry's Batch' Kentucky Straight Bourbon Whiskey (750ml),Bourbon,"bourbon, whiskey, straight-bourbon",Booker's Batch,TRUE,175.49,https://www.liquorstore-online.com/product_images/p_264348.webp,989100
bookers-bourbon-batch-2024-02-750ml,Booker's Bourbon Batch 2024-02 750ml,Bourbon,"bourbon, whiskey",Booker's Bourbon,TRUE,147.49,https://www.liquorstore-online.com/product_images/p_185864.webp,56c26ed975627570b05d0100
boulder-bottled-in-bond-colorado-bourbon-whiskey-70cl-50-abv,Boulder - Bottled In Bond - Colorado Bourbon Whiskey 70cl 50% ABV,Bourbon,"bourbon, whiskey",Boulder,TRUE,209.99,https://www.liquorstore-online.com/product_images/p_182826.webp,16709
boulder-colorado-bourbon-whiskey-70cl-42-abv,Boulder - Colorado Bourbon Whiskey 70cl 42% ABV,Bourbon,"bourbon, whiskey",Boulder,TRUE,188.99,https://www.liquorstore-online.com/product_images/p_183012.webp,16708
bourbon-american-whiskey-2026-edition-12-day-advent-calendar-3cl-x-12,Bourbon & American Whiskey - 2026 Edition 12 Day Advent Calendar 3cl x 12,Bourbon,"bourbon, whiskey",Bourbon & American Whiskey,TRUE,207.99,https://www.liquorstore-online.com/product_images/p_260333.webp,26476
bourbon-american-whiskey-2026-edition-12-day-mini-advent-calendar-3cl-x-12,Bourbon & American Whiskey - 2026 Edition 12 Day Mini Advent Calendar 3cl x 12,Bourbon,"bourbon, whiskey",Bourbon & American Whiskey,TRUE,247.99,https://www.liquorstore-online.com/product_images/p_260356.webp,26500
bourbon-american-whiskey-2026-edition-25-day-advent-calendar-3cl-x-25,Bourbon & American Whiskey - 2026 Edition 25 Day Advent Calendar 3cl x 25,Bourbon,"bourbon, whiskey",Bourbon & American Whiskey,TRUE,343.99,https://www.liquorstore-online.com/product_images/p_260339.webp,26482
bowman-brothers-small-batch-virgnia-straight-bourbon-750ml,Bowman Brothers Small Batch Virgnia Straight Bourbon (750ml),Bourbon,"bourbon, whiskey, small-batch, straight-bourbon",Bowman Brothers,TRUE,62.89,https://www.liquorstore-online.com/product_images/p_261294.webp,130112
bowmore-25-year-old-infrequent-flyers-single-bourbon-cask-803728-1998-whisky-70cl-45.8-abv,Bowmore - 25 year old Infrequent Flyers Single Bourbon Cask #803728 1998 Whisky 70cl 45.8% ABV,Bourbon,"bourbon, whiskey",Bowmore,TRUE,932.99,https://www.liquorstore-online.com/product_images/p_229555.webp,22038
bradshaw-bourbon-750ml,Bradshaw Bourbon 750ml,Bourbon,"bourbon, whiskey",Bradshaw Bourbon,TRUE,62.89,https://www.liquorstore-online.com/product_images/p_177777.webp,5e345445a38e0926a80efd30
braeval-13-year-old-coopers-choice-single-bourbon-cask-4147-2009-whisky-70cl-58.5-abv,Braeval - 13 year old Cooper's Choice - Single Bourbon Cask #4147 2009 Whisky 70cl 58.5% ABV,Bourbon,"bourbon, whiskey",Braeval,TRUE,349.99,https://www.liquorstore-online.com/product_images/p_185117.webp,17190
breckenridge-bourbon-whiskey-5cl-43-abv-miniature,Breckenridge - Bourbon Whiskey 5cl 43% ABV Miniature,Bourbon,"bourbon, whiskey",Breckenridge,TRUE,99.99,https://www.liquorstore-online.com/product_images/p_230653.webp,22397
breckenridge-bourbon-whiskey-port-cask-finish-750ml,Breckenridge Bourbon Whiskey Port Cask Finish 750ml,Bourbon,"bourbon, whiskey",Breckenridge Distillery,TRUE,87.98,https://www.liquorstore-online.com/product_images/p_187002.webp,58a764136a184c306a6ad5ed
breckenridge-bourbon-whiskey-px-sherry-cask-finish-750ml,Breckenridge Bourbon Whiskey PX Sherry Cask Finish 750ml,Bourbon,"bourbon, whiskey",Breckenridge Distillery,TRUE,84.98,https://www.liquorstore-online.com/product_images/p_186319.webp,59b949300dac067638f80398
breckenridge-high-proof-blend-bourbon-750ml,Breckenridge High Proof Blend Bourbon 750ml,Bourbon,"bourbon, whiskey",Breckenridge Distillery,TRUE,74.88,https://www.liquorstore-online.com/product_images/p_186140.webp,59e142532c4a91056aab789a
breckenridge-straight-bourbon-whiskey-750ml,Breckenridge Straight Bourbon Whiskey 750ml,Bourbon,"bourbon, whiskey, straight-bourbon",Breckenridge Distillery,TRUE,63.89,https://www.liquorstore-online.com/product_images/p_178629.webp,564bd79f69702d5e840b0000
brodys-leading-role-bourbon-cocktail-375ml,Brody's Leading Role Bourbon Cocktail 375ml,Bourbon,"bourbon, whiskey",Brody's Crafted Cocktails,TRUE,34.89,https://www.liquorstore-online.com/product_images/p_257781.webp,64b357c3f48fa62d283075cf
brothers-bond-7-year-old-100-proof-bottled-in-bond-straight-bourbon-whiskey-70cl-50-abv-ian-somerhalder-paul-wesley,Brother's Bond - 7 year old 100 Proof Bottled-In-Bond Straight Bourbon Whiskey 70cl 50% ABV (Ian Somerhalder & Paul Wesley),Bourbon,"bourbon, whiskey, straight-bourbon",Brother's Bond,TRUE,204.99,https://www.liquorstore-online.com/product_images/p_252814.webp,24898
brothers-bond-original-cask-strength-straight-bourbon-whiskey-75cl-57.2-abv-ian-somerhalder-paul-wesley,Brother's Bond - Original Cask Strength Straight Bourbon Whiskey 75cl 57.2% ABV (Ian Somerhalder & Paul Wesley),Bourbon,"bourbon, whiskey, straight-bourbon",Brother's Bond,TRUE,427.99,https://www.liquorstore-online.com/product_images/p_252815.webp,24899
brothers-bond-regenerative-grain-straight-bourbon-whiskey-70cl-46-abv-ian-somerhalder-paul-wesley,Brother's Bond - Regenerative Grain Straight Bourbon Whiskey 70cl 46% ABV (Ian Somerhalder & Paul Wesley),Bourbon,"bourbon, whiskey, straight-bourbon",Brother's Bond,TRUE,195.99,https://www.liquorstore-online.com/product_images/p_253204.webp,25094
brothers-bond-straight-bourbon-whiskey-70cl-40-abv-ian-somerhalder-paul-wesley,Brother's Bond - Straight Bourbon Whiskey 70cl 40% ABV (Ian Somerhalder & Paul Wesley),Bourbon,"bourbon, whiskey, straight-bourbon",Brother's Bond,TRUE,188.99,https://www.liquorstore-online.com/product_images/p_253205.webp,25153
brothers-bond-bottled-in-bond-bourbon-750ml,Brother's Bond Bottled In Bond Bourbon 750ml,Bourbon,"bourbon, whiskey",Brother's Bond Bourbon,TRUE,95.99,https://www.liquorstore-online.com/product_images/p_255590.webp,66a1c8b6bced7825f14a9a17
brothers-bond-bourbon-750ml,Brother's Bond Bourbon 750ml,Bourbon,"bourbon, whiskey",Brother's Bond Bourbon,TRUE,68.89,https://www.liquorstore-online.com/product_images/p_257014.webp,601ddd88e4417912d00f8236
brothers-bond-cask-strength-bourbon-750ml,Brother's Bond Cask Strength Bourbon 750ml,Bourbon,"bourbon, whiskey",Brother's Bond Bourbon,TRUE,119.99,https://www.liquorstore-online.com/product_images/p_256573.webp,6285f38c4459b0423699ecb0
brothers-bond-regenerative-grain-bourbon-750ml,Brother's Bond Regenerative Grain Bourbon 750ml,Bourbon,"bourbon, whiskey",Brother's Bond Bourbon,TRUE,94.99,https://www.liquorstore-online.com/product_images/p_257983.webp,665fabc79eafc52ce73522a6
bruichladdich-10-year-old-micro-provenance-single-bourbon-cask-1241-2011-whisky-70cl-61.9-abv,Bruichladdich - 10 year old Micro Provenance Single Bourbon Cask #1241 2011 Whisky 70cl 61.9% ABV,Bourbon,"bourbon, whiskey",Bruichladdich,TRUE,522.99,https://www.liquorstore-online.com/product_images/p_248967.webp,16590
bruichladdich-14-year-old-cut-your-wolf-loose-edition-7-single-bourbon-cask-2008-whisky-70cl-62-abv0,Bruichladdich - 14 year old Cut Your Wolf Loose Edition #7 Single Bourbon Cask 2008 Whisky 70cl 62% ABV0,Bourbon,"bourbon, whiskey",Bruichladdich,TRUE,362.99,https://www.liquorstore-online.com/product_images/p_253251.webp,25202
bruichladdich-14-year-old-micro-provenance-single-bourbon-cask-0417-2006-whisky-70cl-62.3-abv,Bruichladdich - 14 year old Micro Provenance Single Bourbon Cask #0417 2006 Whisky 70cl 62.3% ABV,Bourbon,"bourbon, whiskey",Bruichladdich,TRUE,691.99,https://www.liquorstore-online.com/product_images/p_183054.webp,13137
buffalo-trace-bourbon-cream-liqueur-70cl-15-abv,Buffalo Trace - Bourbon Cream Liqueur 70cl 15% ABV,Bourbon,"bourbon, whiskey",Buffalo Trace,TRUE,118.99,https://www.liquorstore-online.com/product_images/p_220259.webp,20060
buffalo-trace-kentucky-straight-bourbon-whiskey-5cl-40-abv-gift-pack,Buffalo Trace - Kentucky Straight Bourbon Whiskey 5cl 40% ABV Gift Pack,Bourbon,"bourbon, whiskey, straight-bourbon",Buffalo Trace,TRUE,106.99,https://www.liquorstore-online.com/product_images/p_260274.webp,26444
buffalo-trace-kentucky-straight-bourbon-whiskey-70cl-40-abv,Buffalo Trace - Kentucky Straight Bourbon Whiskey 70cl 40% ABV,Bourbon,"bourbon, whiskey, straight-bourbon",Buffalo Trace,TRUE,124.99,https://www.liquorstore-online.com/product_images/p_200825.webp,5400
buffalo-trace-kentucky-straight-bourbon-whiskey-70cl-40-abv-includes-hip-flask,Buffalo Trace - Kentucky Straight Bourbon Whiskey 70cl 40% ABV (Includes Hip Flask),Bourbon,"bourbon, whiskey, straight-bourbon",Buffalo Trace,TRUE,132.99,https://www.liquorstore-online.com/product_images/p_252528.webp,24614
buffalo-trace-kentucky-straight-bourbon-whiskey-70cl-40-abv-includes-ice-mould,Buffalo Trace - Kentucky Straight Bourbon Whiskey 70cl 40% ABV (Includes Ice Mould),Bourbon,"bourbon, whiskey, straight-bourbon",Buffalo Trace,TRUE,132.99,https://www.liquorstore-online.com/product_images/p_221545.webp,20440
buffalo-trace-o-f-c-kentucky-straight-bourbon-2006-whiskey-70cl-45-abv,Buffalo Trace - O.F.C. Kentucky Straight Bourbon 2006 Whiskey 70cl 45% ABV,Bourbon,"bourbon, whiskey, straight-bourbon",Buffalo Trace,TRUE,6968.99,https://www.liquorstore-online.com/product_images/p_252699.webp,22439
buffalo-trace-rock-hill-farms-single-barrel-kentucky-straight-bourbon-whiskey-70cl-50-abv,Buffalo Trace - Rock Hill Farms Single Barrel Kentucky Straight Bourbon Whiskey 70cl 50% ABV,Bourbon,"bourbon, whiskey, single-barrel, straight-bourbon",Buffalo Trace,TRUE,998.99,https://www.liquorstore-online.com/product_images/p_220268.webp,20188
buffalo-trace-traveller-bourbon-whiskey-70cl-45-abv-chris-stapleton,Buffalo Trace - Traveller Bourbon Whiskey 70cl 45% ABV (Chris Stapleton),Bourbon,"bourbon, whiskey",Buffalo Trace,TRUE,135.99,https://www.liquorstore-online.com/product_images/p_229030.webp,21824
buffalo-trace-traveller-bourbon-whisky-70cl-45-abv-includes-ice-mould,Buffalo Trace - Traveller Bourbon Whisky 70cl 45% ABV (Includes Ice Mould),Bourbon,"bourbon, whiskey",Buffalo Trace,TRUE,137.99,https://www.liquorstore-online.com/product_images/p_248558.webp,23552
buffalo-trace-bourbon-375ml,Buffalo Trace Bourbon (375ml),Bourbon,"bourbon, whiskey",Buffalo Trace,TRUE,48.89,https://www.liquorstore-online.com/product_images/p_262489.webp,188002
buffalo-trace-bourbon-50ml,Buffalo Trace Bourbon (50ml),Bourbon,"bourbon, whiskey",Buffalo Trace,TRUE,28.89,https://www.liquorstore-online.com/product_images/p_262154.webp,175042
buffalo-trace-bourbon-1.75l,Buffalo Trace Bourbon 1.75L,Bourbon,"bourbon, whiskey",Buffalo Trace,TRUE,119.99,https://www.liquorstore-online.com/product_images/p_202228.webp,56c2959f756275139d130500
buffalo-trace-bourbon-cream-750ml,Buffalo Trace Bourbon Cream (750ml),Bourbon,"bourbon, whiskey",Buffalo Trace,TRUE,50.89,https://www.liquorstore-online.com/product_images/p_261938.webp,153507
buffalo-trace-distillery-experimental-collection-giant-23-year-old-bourbon-whiskey-375ml,Buffalo Trace Distillery Experimental Collection Giant 23 Year Old Bourbon Whiskey (375ml),Bourbon,"bourbon, whiskey",Buffalo Trace,TRUE,837.99,https://www.liquorstore-online.com/product_images/p_265873.webp,101376
bulleit-10-year-old-kentucky-straight-bourbon-whiskey-70cl-45.6-abv,Bulleit - 10 year old Kentucky Straight Bourbon Whiskey 70cl 45.6% ABV,Bourbon,"bourbon, whiskey, straight-bourbon",Bulleit,TRUE,182.99,https://www.liquorstore-online.com/product_images/p_135448.webp,11969
bulleit-blenders-select-frontier-no-001-bourbon-whiskey-75cl-50-abv,Bulleit - Blenders Select Frontier No. 001 Bourbon Whiskey 75cl 50% ABV,Bourbon,"bourbon, whiskey",Bulleit,TRUE,691.99,https://www.liquorstore-online.com/product_images/p_248707.webp,13125
bulleit-kentucky-straight-bourbon-whiskey-70cl-45-abv,Bulleit - Kentucky Straight Bourbon Whiskey 70cl 45% ABV,Bourbon,"bourbon, whiskey, straight-bourbon",Bulleit,TRUE,132.99,https://www.liquorstore-online.com/product_images/p_135017.webp,11967
bulleit-aged-10-years-straight-bourbon-frontier-whiskey-750ml,Bulleit Aged 10 Years Straight Bourbon Frontier Whiskey (750ml),Bourbon,"bourbon, whiskey, straight-bourbon",Bulleit Aged,TRUE,88.99,https://www.liquorstore-online.com/product_images/p_261714.webp,136267
bulleit-barrel-strength-bourbon-750ml,Bulleit Barrel Strength Bourbon 750ml,Bourbon,"bourbon, whiskey",Bulleit,TRUE,90.99,https://www.liquorstore-online.com/product_images/p_257985.webp,59231f70a45b4d0160ea7afb
bulleit-barrel-strength-straight-bourbon-frontier-whiskey-750ml,Bulleit Barrel Strength Straight Bourbon Frontier Whiskey  (750ml),Bourbon,"bourbon, whiskey, straight-bourbon",Bulleit Barrel,TRUE,67.89,https://www.liquorstore-online.com/product_images/p_264414.webp,61321891
bulleit-bourbon-1l,Bulleit Bourbon (1L),Bourbon,"bourbon, whiskey",Bulleit Bourbon,TRUE,62.89,https://www.liquorstore-online.com/product_images/p_268236.webp,161275
bulleit-bourbon-375ml,Bulleit Bourbon (375ml),Bourbon,"bourbon, whiskey",Bulleit Bourbon,TRUE,45.89,https://www.liquorstore-online.com/product_images/p_261942.webp,153854
bulleit-bourbon-1.75l,Bulleit Bourbon 1.75L,Bourbon,"bourbon, whiskey",Bulleit Bourbon,TRUE,74.89,https://www.liquorstore-online.com/product_images/p_178178.webp,56c2713c75627570b0160200
bulleit-bourbon-10-yr-750ml,Bulleit Bourbon 10 yr 750ml,Bourbon,"bourbon, whiskey",Bulleit Bourbon,TRUE,69.89,https://www.liquorstore-online.com/product_images/p_178608.webp,5521cef065613100036d0000
bulleit-bourbon-1l,Bulleit Bourbon 1L,Bourbon,"bourbon, whiskey",Bulleit,TRUE,67.89,https://www.liquorstore-online.com/product_images/p_176657.webp,56c2712175627570b00d0200
bulleit-bourbon-200ml,Bulleit Bourbon 200ml,Bourbon,"bourbon, whiskey",Bulleit Bourbon,TRUE,36.89,https://www.liquorstore-online.com/product_images/p_185862.webp,58afa54801ff95231178fb86
bulleit-bourbon-375ml,Bulleit Bourbon 375ml,Bourbon,"bourbon, whiskey",Bulleit Bourbon,TRUE,42.89,https://www.liquorstore-online.com/product_images/p_180572.webp,5521cef065613100036e0000
bulleit-bourbon-500ml,Bulleit Bourbon 500ml,Bourbon,"bourbon, whiskey",Bulleit Bourbon,TRUE,67.89,https://www.liquorstore-online.com/product_images/p_257346.webp,60d24ff23d172e254c08e74d
bulleit-bourbon-750ml,Bulleit Bourbon 750ml,Bourbon,"bourbon, whiskey",Bulleit Bourbon,TRUE,54.89,https://www.liquorstore-online.com/product_images/p_177659.webp,56c26ee075627570b05e0100
bulleit-bourbon-mesquite-smoked-malt-750ml,Bulleit Bourbon Mesquite Smoked Malt 750ml,Bourbon,"bourbon, whiskey",Bulleit,TRUE,90.99,https://www.liquorstore-online.com/product_images/p_257713.webp,6977de02ebda12156d2ac3be
bulleit-bourbon-rtd-manhattan-cocktail-375ml,Bulleit Bourbon RTD Manhattan Cocktail 375ml,Bourbon,"bourbon, whiskey",Bulleit Manhattan,TRUE,42.89,https://www.liquorstore-online.com/product_images/p_180649.webp,620e9ed2d38bad1af4528c30
bulleit-bourbon-rtd-manhattan-cocktail-750ml,Bulleit Bourbon RTD Manhattan Cocktail 750ml,Bourbon,"bourbon, whiskey",Bulleit Manhattan,TRUE,53.89,https://www.liquorstore-online.com/product_images/p_178151.webp,61d3237cc1e6d24d8ae7241e
bulleit-bourbon-rtd-old-fashioned-cocktail-375ml,Bulleit Bourbon RTD Old Fashioned Cocktail 375ml,Bourbon,"bourbon, whiskey",Bulleit Old,TRUE,42.89,https://www.liquorstore-online.com/product_images/p_180383.webp,62150b64735bf5283cfc3de4
bulleit-bourbon-rtd-old-fashioned-cocktail-750ml,Bulleit Bourbon RTD Old Fashioned Cocktail 750ml,Bourbon,"bourbon, whiskey",Bulleit Old,TRUE,52.89,https://www.liquorstore-online.com/product_images/p_178516.webp,61d3251fe71a7f29c566f37c
bunnahabhain-9-year-old-tri-carragh-release-no-1-single-bourbon-cask-scotch-2013-whisky-70cl-58.3-abv,Bunnahabhain - 9 year old Tri Carragh Release No. 1 Single Bourbon Cask Scotch 2013 Whisky 70cl 58.3% ABV,Bourbon,"bourbon, whiskey",Bunnahabhain,TRUE,247.99,https://www.liquorstore-online.com/product_images/p_182802.webp,16816
bushmills-steamship-collection-bourbon-cask-reserve-irish-whiskey-100cl-40-abv-1-litre,Bushmills - Steamship Collection - Bourbon Cask Reserve Irish Whiskey 100cl 40% ABV (1 Litre),Bourbon,"bourbon, whiskey",Bushmills,TRUE,201.99,https://www.liquorstore-online.com/product_images/p_247781.webp,22786
calumet-bourbon-10-year-750ml,Calumet Bourbon 10 Year (750ml),Bourbon,"bourbon, whiskey",Calumet Bourbon,TRUE,119.99,https://www.liquorstore-online.com/product_images/p_262390.webp,186434
calumet-bourbon-15-year-750ml,Calumet Bourbon 15 Year (750ml),Bourbon,"bourbon, whiskey",Calumet Bourbon,TRUE,215.99,https://www.liquorstore-online.com/product_images/p_262180.webp,177319
calumet-bourbon-8-year-750ml,Calumet Bourbon 8 Year (750ml),Bourbon,"bourbon, whiskey",Calumet Bourbon,TRUE,88.99,https://www.liquorstore-online.com/product_images/p_262174.webp,176779
calumet-farm-single-rack-black-10-year-old-kentucky-straight-bourbon-whiskey-750ml,Calumet Farm 'Single Rack Black' 10-Year Old Kentucky Straight Bourbon Whiskey (750ml),Bourbon,"bourbon, whiskey, straight-bourbon",Calumet Farm,TRUE,133.99,https://www.liquorstore-online.com/product_images/p_263731.webp,919194
calumet-farm-single-rack-black-16-year-old-kentucky-straight-bourbon-whiskey-750ml,Calumet Farm 'Single Rack Black' 16 Year Old Kentucky Straight Bourbon Whiskey (750ml),Bourbon,"bourbon, whiskey, straight-bourbon",Calumet Farm,TRUE,225.99,https://www.liquorstore-online.com/product_images/p_262286.webp,183103
calumet-farm-bourbon-whiskey-750ml,Calumet Farm Bourbon Whiskey (750ml),Bourbon,"bourbon, whiskey",Calumet Farm,TRUE,74.89,https://www.liquorstore-online.com/product_images/p_263795.webp,247233
cambus-silent-32-year-old-coopers-choice-single-bourbon-cask-79880-1991-whisky-70cl-47.5-abv,Cambus (silent) - 32 year old Cooper's Choice - Single Bourbon Cask #79880 1991 Whisky 70cl 47.5% ABV,Bourbon,"bourbon, whiskey",Cambus (silent),TRUE,427.99,https://www.liquorstore-online.com/product_images/p_221408.webp,20120
cameronbridge-28-year-old-coopers-choice-single-bourbon-cask-115061-1992-whisky-70cl-48.5-abv,Cameronbridge - 28 year old Cooper's Choice - Single Bourbon Cask #115061 1992 Whisky 70cl 48.5% ABV,Bourbon,"bourbon, whiskey",Cameronbridge,TRUE,691.99,https://www.liquorstore-online.com/product_images/p_253119.webp,13298
cantilever-distillery-straight-bourbon-whiskey-750ml,Cantilever Distillery Straight Bourbon Whiskey (750ml),Bourbon,"bourbon, whiskey, straight-bourbon",Cantilever Distillery,TRUE,59.89,https://www.liquorstore-online.com/product_images/p_263977.webp,371069
caol-ila-12-year-old-coopers-choice-single-bourbon-cask-14-2008-whisky-70cl-53.5-abv,Caol Ila - 12 year old Cooper's Choice - Single Bourbon Cask #14 2008 Whisky 70cl 53.5% ABV,Bourbon,"bourbon, whiskey",Caol Ila,TRUE,286.99,https://www.liquorstore-online.com/product_images/p_138540.webp,13192
caol-ila-13-year-old-coopers-choice-single-bourbon-cask-16-2008-whisky-70cl-51.5-abv,Caol Ila - 13 year old Cooper's Choice - Single Bourbon Cask #16 2008 Whisky 70cl 51.5% ABV,Bourbon,"bourbon, whiskey",Caol Ila,TRUE,329.99,https://www.liquorstore-online.com/product_images/p_166671.webp,15382
caol-ila-8-year-old-coopers-choice-single-bourbon-cask-331912-2012-whisky-70cl-55-abv,Caol Ila - 8 year old Cooper's Choice - Single Bourbon Cask #331912 2012 Whisky 70cl 55% ABV,Bourbon,"bourbon, whiskey",Caol Ila,TRUE,256.99,https://www.liquorstore-online.com/product_images/p_167222.webp,13841
cathead-old-soul-tin-type-series-1-captain-luke-7-year-old-bourbon-whiskey-750ml,Cathead Old Soul 'Tin Type Series 1 Captain Luke' 7+ Year Old Bourbon Whiskey (750ml),Bourbon,"bourbon, whiskey",Cathead Old,TRUE,133.99,https://www.liquorstore-online.com/product_images/p_263415.webp,333555
cathead-old-soul-tin-type-series-2-hermon-hitson-9-year-old-bourbon-whiskey-750ml,Cathead Old Soul 'Tin Type Series 2 Hermon Hitson' 9+ Year-Old Bourbon Whiskey (750ml),Bourbon,"bourbon, whiskey",Cathead Old,TRUE,170.49,https://www.liquorstore-online.com/product_images/p_263414.webp,444446
cathead-old-soul-tin-type-series-3-kenny-brown-bourbon-whiskey-750ml,Cathead Old Soul 'Tin Type Series 3 Kenny Brown' Bourbon Whiskey (750ml),Bourbon,"bourbon, whiskey",Cathead Old,TRUE,180.49,https://www.liquorstore-online.com/product_images/p_264711.webp,959948
cedar-ridge-iowa-bourbon-750ml,Cedar Ridge Iowa Bourbon 750ml,Bourbon,"bourbon, whiskey",Cedar Ridge,TRUE,59.89,https://www.liquorstore-online.com/product_images/p_230356.webp,56c29426756275139d860400
charles-goodnight-small-batch-kentucky-straight-bourbon-whiskey-100-proof-750ml,Charles Goodnight Small Batch Kentucky Straight Bourbon Whiskey 100 Proof 750ml,Bourbon,"bourbon, whiskey, small-batch, straight-bourbon",Charles Goodnight,TRUE,114.99,https://www.liquorstore-online.com/product_images/p_256287.webp,5709bfc469702d71ff271c00
charleston-distilling-veseys-bourbon-750ml,Charleston Distilling Vesey's Bourbon (750ml),Bourbon,"bourbon, whiskey",Charleston Distilling,TRUE,73.89,https://www.liquorstore-online.com/product_images/p_261975.webp,159493
chateau-bourbon-la-chapelle-medoc-bordeaux-france-750ml,Chateau Bourbon La Chapelle Medoc Bordeaux France 750ml,Bourbon,"bourbon, whiskey",Chateau,TRUE,39.89,https://www.liquorstore-online.com/product_images/p_231619.webp,675b294b6999d63341cf2b15
chattanooga-bottled-in-bond-straight-bourbon-whiskey-750ml,Chattanooga Bottled In Bond Straight Bourbon Whiskey (750ml),Bourbon,"bourbon, whiskey, straight-bourbon",Chattanooga Bottled,TRUE,74.89,https://www.liquorstore-online.com/product_images/p_263115.webp,5132840
chattanooga-michigan-maple-barrel-bourbon-750ml,Chattanooga Michigan Maple Barrel Bourbon (750ml),Bourbon,"bourbon, whiskey",Chattanooga Michigan,TRUE,103.99,https://www.liquorstore-online.com/product_images/p_264458.webp,959607
chattanooga-straight-91-bourbon-whiskey-750ml,Chattanooga Straight 91 Bourbon Whiskey (750ml),Bourbon,"bourbon, whiskey, straight-bourbon",Chattanooga Straight,TRUE,60.89,https://www.liquorstore-online.com/product_images/p_263767.webp,25.36.32
chattanooga-straight-bourbon-whiskey-schneiders-barrel-118.4-proof-750ml,Chattanooga Straight Bourbon Whiskey Schneider's Barrel 118.4 Proof (750ml),Bourbon,"bourbon, whiskey, straight-bourbon",Chattanooga Straight,TRUE,109.99,https://www.liquorstore-online.com/product_images/p_266670.webp,656300
chestnut-farms-kentucky-straight-bourbon-whiskey-100-proof-bottled-in-bond-750ml,Chestnut Farms Kentucky Straight Bourbon Whiskey 100 Proof Bottled in Bond (750ml),Bourbon,"bourbon, whiskey, straight-bourbon",Chestnut Farms,TRUE,113.99,https://www.liquorstore-online.com/product_images/p_263327.webp,10410700
chestnut-farms-kentucky-straight-bourbon-whiskey-90-proof-750ml,Chestnut Farms Kentucky Straight Bourbon Whiskey 90 Proof (750ml),Bourbon,"bourbon, whiskey, straight-bourbon",Chestnut Farms,TRUE,93.99,https://www.liquorstore-online.com/product_images/p_262947.webp,400675
cincinnati-distilling-ohio-straight-bourbon-whiskey-750ml,Cincinnati Distilling OHIO STRAIGHT BOURBON WHISKEY (750ml),Bourbon,"bourbon, whiskey, straight-bourbon",Cincinnati Distilling,TRUE,60.89,https://www.liquorstore-online.com/product_images/p_264428.webp,78158243
cincinnati-distilling-straight-bourbon-whiskey-750ml,Cincinnati Distilling Straight Bourbon Whiskey (750ml),Bourbon,"bourbon, whiskey, straight-bourbon",Cincinnati Distilling,TRUE,60.89,https://www.liquorstore-online.com/product_images/p_264427.webp,67467939
clyde-mays-straight-bourbon-750ml,Clyde May's Straight Bourbon 750ml,Bourbon,"bourbon, whiskey, straight-bourbon",Clyde May's,TRUE,62.88,https://www.liquorstore-online.com/product_images/p_178630.webp,582cb2fdb75f846402322d94
clyde-mayas-6-year-cask-strength-single-barrel-straight-bourbon-whiskey-a-108.6-proof-750ml,Clyde Mayâs 6 Year Cask Strength Single Barrel Straight Bourbon Whiskey â 108.6 Proof (750ml),Bourbon,"bourbon, whiskey, single-barrel, straight-bourbon",Clyde Mayâs,TRUE,87.99,https://www.liquorstore-online.com/product_images/p_267910.webp,102430
clyde-mays-straight-bourbon-whiskey-375ml,Clyde Mays Straight Bourbon Whiskey 375ml,Bourbon,"bourbon, whiskey, straight-bourbon",Clyde May's,TRUE,45.88,https://www.liquorstore-online.com/product_images/p_188172.webp,5b1aaadcb75f8408157ae59f
clynelish-11-year-old-carn-mor-strictly-limited-bourbon-cask-finish-single-malt-scotch-2014-whisky-70cl-52.1-abv0,Clynelish - 11 year old Carn Mor Strictly Limited Bourbon Cask Finish Single Malt Scotch 2014 Whisky 70cl 52.1% ABV0,Bourbon,"bourbon, whiskey, single-malt",Clynelish,TRUE,260.99,https://www.liquorstore-online.com/product_images/p_252227.webp,24373
coastal-stone-element-series-first-release-bourbon-cask-whisky-50cl-46-abv,Coastal Stone - Element Series - First Release Bourbon Cask Whisky 50cl 46% ABV,Bourbon,"bourbon, whiskey",Coastal Stone,TRUE,210.99,https://www.liquorstore-online.com/product_images/p_188000.webp,16635
colonel-e-h-taylor-small-batch-kentucky-straight-bourbon-whiskey-750ml,Colonel E.H. Taylor Small Batch Kentucky Straight Bourbon Whiskey 750ml,Bourbon,"bourbon, whiskey, small-batch, straight-bourbon",E H Taylor,TRUE,155.49,https://www.liquorstore-online.com/product_images/p_184958.webp,5521cefd65613100033e0400
colonel-randolph-16-year-barrel-proof-bourbon-106-proof,Colonel Randolph 16 Year Barrel Proof Bourbon 106 proof 750ml,Bourbon,"bourbon, whiskey",Colonel Randolph,TRUE,2803.99,https://www.liquorstore-online.com/product_images/p_265490.webp,552255
cooper-thief-bourbon-barrel-aged-red-blend-750ml,Cooper & Thief Bourbon Barrel Aged Red Blend 750ml,Bourbon,"bourbon, whiskey",Cooper & Thief,TRUE,57.89,https://www.liquorstore-online.com/product_images/p_186979.webp,580f98bd1daa6840cab437d2
cooper-thief-bourbon-barrel-red-blend-nv-750ml,Cooper & Thief Bourbon Barrel Red Blend - NV (750ml),Bourbon,"bourbon, whiskey",Cooper & Thief Bourbon Barrel Red Blend,TRUE,54.89,https://www.liquorstore-online.com/product_images/p_264657.webp,C&TBrbnBrlRB
copper-kings-5-year-blend-of-straight-bourbon-whiskeys-finished-in-brandy-barrels-750ml,Copper & Kings 5 Year Blend of Straight Bourbon Whiskeys Finished in Brandy Barrels (750ml),Bourbon,"bourbon, whiskey, straight-bourbon",Copper &,TRUE,91.99,https://www.liquorstore-online.com/product_images/p_267898.webp,102422
copper-craft-distillery-blend-of-straight-bourbon-whiskies-750ml,Copper Craft Distillery Blend of Straight Bourbon Whiskies (750ml),Bourbon,"bourbon, whiskey, straight-bourbon",Copper Craft,TRUE,54.89,https://www.liquorstore-online.com/product_images/p_264017.webp,371090
copper-craft-distillery-straight-bourbon-whiskies-750ml,Copper Craft Distillery Straight Bourbon Whiskies (750ml),Bourbon,"bourbon, whiskey, straight-bourbon",Copper Craft,TRUE,54.89,https://www.liquorstore-online.com/product_images/p_267956.webp,656240
cotswolds-bourbon-cask-matured-english-single-malt-whisky-70cl-59.1-abv,Cotswolds - Bourbon Cask Matured English Single Malt Whisky 70cl 59.1% ABV,Bourbon,"bourbon, whiskey, single-malt",Cotswolds,TRUE,247.99,https://www.liquorstore-online.com/product_images/p_227021.jpg,21106
cotswolds-bourbon-cask-matured-english-single-malt-whisky-70cl-59.1-abv-includes-glencairn-glass,Cotswolds - Bourbon Cask Matured English Single Malt Whisky 70cl 59.1% ABV (Includes Glencairn Glass),Bourbon,"bourbon, whiskey, single-malt",Cotswolds,TRUE,214.99,https://www.liquorstore-online.com/product_images/p_229154.jpg,21921
country-smooth-country-mule-ginger-lime-bourbon-750ml,Country Smooth 'Country Mule Ginger & Lime' Bourbon (750ml),Bourbon,"bourbon, whiskey",Country Smooth,TRUE,51.89,https://www.liquorstore-online.com/product_images/p_264744.webp,929904
country-smooth-country-peach-peach-sweet-tea-bourbon-750ml,Country Smooth 'Country Peach' Peach Sweet Tea Bourbon (750ml),Bourbon,"bourbon, whiskey",Country Smooth,TRUE,51.89,https://www.liquorstore-online.com/product_images/p_264745.webp,929905
country-smooth-tennessee-bourbon-750ml,Country Smooth Tennessee Bourbon (750ml),Bourbon,"bourbon, whiskey, tennessee-whiskey",Country Smooth,TRUE,56.89,https://www.liquorstore-online.com/product_images/p_264743.webp,929903
craigellachie-23-year-old-integrity-malts-single-bourbon-cask-306749-2003-whisky-70cl-51.4-abv,Craigellachie - 23 year old Integrity Malts Single Bourbon Cask #306749 2003 Whisky 70cl 51.4% ABV,Bourbon,"bourbon, whiskey",Craigellachie,TRUE,349.99,https://www.liquorstore-online.com/product_images/p_259880.webp,26187
cutwater-spirits-black-skimmer-straight-bourbon-whiskey-750ml,Cutwater Spirits 'Black Skimmer' Straight Bourbon Whiskey (750ml),Bourbon,"bourbon, whiskey, straight-bourbon",Cutwater Spirits,TRUE,54.89,https://www.liquorstore-online.com/product_images/p_263736.webp,64932515
daviess-county-cabernet-sauvignon-cask-finish-kentucky-straight-bourbon-whiskey-750ml,Daviess County Cabernet Sauvignon Cask Finish Kentucky Straight Bourbon Whiskey - (750ml),Bourbon,"bourbon, whiskey, straight-bourbon",Daviess County Cabernet Sauvignon Cask Finish Kentucky Straight Bourbon Whiskey,TRUE,69.89,https://www.liquorstore-online.com/product_images/p_264436.webp,97356963
devils-river-barrel-strength-bourbon-whiskey-750ml,Devils River Barrel Strength Bourbon Whiskey 750ml,Bourbon,"bourbon, whiskey",Devils River,TRUE,64.89,https://www.liquorstore-online.com/product_images/p_183305.webp,5baa93c45d76735a29314e54
devils-river-small-batch-bourbon-whiskey-750ml,Devils River Small Batch Bourbon Whiskey (750ml),Bourbon,"bourbon, whiskey, small-batch",Devils River,TRUE,54.89,https://www.liquorstore-online.com/product_images/p_264438.webp,27773603
district-made-bourbon-bottled-in-bond-750ml,District Made Bourbon Bottled-in-Bond (750ml),Bourbon,"bourbon, whiskey",District Made,TRUE,112.99,https://www.liquorstore-online.com/product_images/p_262616.webp,7483214
dubliner-bourbon-cask-aged-irish-whisky-750ml,Dubliner Bourbon Cask Aged Irish Whisky 750ml,Bourbon,"bourbon, whiskey",Dubliner Bourbon,TRUE,54.88,https://www.liquorstore-online.com/product_images/p_184769.webp,56f474fa69702d7cbaa71a00
duck-club-bourbon-92-proof-750ml,Duck Club Bourbon 92 Proof 750ml,Bourbon,"bourbon, whiskey",Duck Club,TRUE,54.89,https://www.liquorstore-online.com/product_images/p_253328.webp,691cec2565a7d2204a2f1134
duck-club-high-brass-bourbon-110-proof-750ml,Duck Club High Brass Bourbon 110 Proof 750ml,Bourbon,"bourbon, whiskey",Duck Club,TRUE,64.89,https://www.liquorstore-online.com/product_images/p_253330.webp,691cec8aeba8481f0fb42ffd
dumbarton-silent-20-year-old-coopers-choice-single-bourbon-cask-211097-2000-whisky-70cl-56.5-abv,Dumbarton (silent) - 20 year old Cooper's Choice - Single Bourbon Cask #211097 2000 Whisky 70cl 56.5% ABV,Bourbon,"bourbon, whiskey",Dumbarton (silent),TRUE,414.99,https://www.liquorstore-online.com/product_images/p_248030.webp,13843
dumbarton-silent-22-year-old-infrequent-flyers-single-bourbon-cask-178-1997-whisky-70cl-55.3-abv,Dumbarton (silent) - 22 year old Infrequent Flyers Single Bourbon Cask #178 1997 Whisky 70cl 55.3% ABV,Bourbon,"bourbon, whiskey",Dumbarton (silent),TRUE,691.99,https://www.liquorstore-online.com/product_images/p_248702.webp,12141
e-h-taylor-small-batch-kentucky-straight-bourbon-whiskey-75cl-50-abv,E.H. Taylor - Small Batch Kentucky Straight Bourbon Whiskey 75cl 50% ABV,Bourbon,"bourbon, whiskey, small-batch, straight-bourbon",E.H. Taylor,TRUE,193.99,https://www.liquorstore-online.com/product_images/p_200827.webp,5409
eagle-rare-10-year-old-kentucky-straight-bourbon-whiskey-70cl-45-abv,Eagle Rare - 10 year old Kentucky Straight Bourbon Whiskey 70cl 45% ABV,Bourbon,"bourbon, whiskey, straight-bourbon",Eagle Rare,TRUE,143.99,https://www.liquorstore-online.com/product_images/p_200826.webp,5407
eagle-rare-17-year-old-antique-collection-2014-edition-kentucky-straight-bourbon-1997-whiskey-75cl-45-abv,Eagle Rare - 17 year old Antique Collection 2014 Edition Kentucky Straight Bourbon 1997 Whiskey 75cl 45% ABV,Bourbon,"bourbon, whiskey, straight-bourbon",Eagle Rare,TRUE,4529.99,https://www.liquorstore-online.com/product_images/p_253470.webp,5613
eagle-rare-10-year-kentucky-straight-bourbon-whiskey-750ml,Eagle Rare 10 Year Kentucky Straight Bourbon Whiskey (750ml),Bourbon,"bourbon, whiskey, straight-bourbon",Eagle Rare,TRUE,93.99,https://www.liquorstore-online.com/product_images/p_261520.webp,131141
eagle-rare-12-year-single-barrel-kentucky-straight-bourbon-whiskey-750ml,Eagle Rare 12 Year Single Barrel Kentucky Straight Bourbon Whiskey (750ml),Bourbon,"bourbon, whiskey, single-barrel, straight-bourbon",Eagle Rare,TRUE,318.49,https://www.liquorstore-online.com/product_images/p_268390.webp,100128
edradour-21-year-old-small-batch-bourbon-cask-matured-single-malt-scotch-2003-whisky-70cl-54.3-abv,Edradour - 21 year old Small Batch Bourbon Cask Matured Single Malt Scotch 2003 Whisky 70cl 54.3% ABV,Bourbon,"bourbon, whiskey, small-batch, single-malt",Edradour,TRUE,736.99,https://www.liquorstore-online.com/product_images/p_229768.webp,22211
elements-of-islay-bourbon-cask-blended-malt-scotch-whisky-5cl-54.5-abv-miniature,Elements Of Islay - Bourbon Cask Blended Malt Scotch Whisky 5cl 54.5% ABV Miniature,Bourbon,"bourbon, whiskey",Elements Of Islay,TRUE,104.99,https://www.liquorstore-online.com/product_images/p_221592.webp,20546
elements-of-islay-bourbon-cask-islay-blended-malt-scotch-whisky-70cl-54.5-abv,Elements Of Islay - Bourbon Cask Islay Blended Malt Scotch Whisky 70cl 54.5% ABV,Bourbon,"bourbon, whiskey",Elements of Islay,TRUE,201.99,https://www.liquorstore-online.com/product_images/p_179779.webp,16446
elijah-craig-12-year-old-barrel-proof-batch-a120-kentucky-straight-bourbon-whiskey-70cl-68.3-abv,Elijah Craig - 12 year old Barrel Proof Batch A120 Kentucky Straight Bourbon Whiskey 70cl 68.3% ABV,Bourbon,"bourbon, whiskey, straight-bourbon",Elijah Craig,TRUE,522.99,https://www.liquorstore-online.com/product_images/p_179731.webp,16514
elijah-craig-18-year-old-single-barrel-kentucky-straight-bourbon-whiskey-70cl-45-abv,Elijah Craig - 18 year old Single Barrel Kentucky Straight Bourbon Whiskey 70cl 45% ABV,Bourbon,"bourbon, whiskey, single-barrel, straight-bourbon",Elijah Craig,TRUE,554.99,https://www.liquorstore-online.com/product_images/p_211958.webp,16618
elijah-craig-barrel-proof-kentucky-straight-bourbon-whiskey-70cl-62.8-abv,Elijah Craig - Barrel Proof Kentucky Straight Bourbon Whiskey 70cl 62.8% ABV,Bourbon,"bourbon, whiskey, straight-bourbon",Elijah Craig,TRUE,273.99,https://www.liquorstore-online.com/product_images/p_227714.webp,21257
elijah-craig-ryder-cup-2023-limited-edition-small-batch-kentucky-straight-bourbon-whiskey-70cl-47-abv,Elijah Craig - Ryder Cup 2023 Limited Edition Small Batch Kentucky Straight Bourbon Whiskey 70cl 47% ABV,Bourbon,"bourbon, whiskey, small-batch, straight-bourbon",Elijah Craig,TRUE,214.99,https://www.liquorstore-online.com/product_images/p_210335.webp,18981
elijah-craig-ryder-cup-2025-limited-edition-small-batch-kentucky-straight-bourbon-whiskey-70cl-47-abv,Elijah Craig - Ryder Cup 2025 Limited Edition Small Batch Kentucky Straight Bourbon Whiskey 70cl 47% ABV,Bourbon,"bourbon, whiskey, small-batch, straight-bourbon",Elijah Craig,TRUE,214.99,https://www.liquorstore-online.com/product_images/p_249245.webp,23779
elijah-craig-small-batch-kentucky-straight-bourbon-whiskey-70cl-47-abv,Elijah Craig - Small Batch - Kentucky Straight Bourbon Whiskey 70cl 47% ABV,Bourbon,"bourbon, whiskey, small-batch, straight-bourbon",Elijah Craig,TRUE,188.99,https://www.liquorstore-online.com/product_images/p_136083.webp,12754
elijah-craig-toasted-barrel-kentucky-straight-bourbon-whiskey-70cl-47-abv,Elijah Craig - Toasted Barrel Kentucky Straight Bourbon Whiskey 70cl 47% ABV,Bourbon,"bourbon, whiskey, straight-bourbon",Elijah Craig,TRUE,201.99,https://www.liquorstore-online.com/product_images/p_251032.webp,24168
elijah-craig-x-ruffians-small-batch-kentucky-straight-bourbon-whiskey-70cl-43.5-abv-gift-pack,Elijah Craig - x Ruffians Small Batch Kentucky Straight Bourbon Whiskey 70cl 43.5% ABV Gift Pack,Bourbon,"bourbon, whiskey, small-batch, straight-bourbon",Elijah Craig,TRUE,188.99,https://www.liquorstore-online.com/product_images/p_258850.webp,25742
elijah-craig-single-barrel-18-750ml,Elijah Craig Single Barrel 18 750ml,Bourbon,"bourbon, whiskey, single-barrel",Elijah Craig,TRUE,238.99,https://www.liquorstore-online.com/product_images/p_229136.png,658df04d73113c1445326c41
elijah-craig-small-batch-bourbon-1.75l,Elijah Craig Small Batch Bourbon 1.75L,Bourbon,"bourbon, whiskey, small-batch",Elijah Craig,TRUE,108.99,https://www.liquorstore-online.com/product_images/p_181539.webp,56df4e3569702d6e40570200
elijah-craig-small-batch-bourbon-375ml,Elijah Craig Small Batch Bourbon 375ml,Bourbon,"bourbon, whiskey, small-batch",Elijah Craig,TRUE,43.89,https://www.liquorstore-online.com/product_images/p_181433.webp,5ada7de233e88928f50e21c4
elijah-craig-small-batch-bourbon-750ml,Elijah Craig Small Batch Bourbon 750ml,Bourbon,"bourbon, whiskey, small-batch",Elijah Craig,TRUE,59.89,https://www.liquorstore-online.com/product_images/p_177787.webp,5521cef16561310003050100
elijah-craig-toasted-barrel-bourbon-750ml,Elijah Craig Toasted Barrel Bourbon 750ml,Bourbon,"bourbon, whiskey",Elijah Craig,TRUE,68.89,https://www.liquorstore-online.com/product_images/p_188823.webp,5f0341cd4b2ef011dcbda2af
elmer-t-lee-bourbon-750ml,Elmer T. Lee Bourbon (750ml),Bourbon,"bourbon, whiskey",Elmer T.,TRUE,255.99,https://www.liquorstore-online.com/product_images/p_262186.webp,1480000
espolon-anejo-finished-in-bourbon-barrels-tequila-1l,Espolon Anejo Finished In Bourbon Barrels Tequila 1L,Bourbon,"bourbon, whiskey",Espolon,TRUE,92.99,https://www.liquorstore-online.com/product_images/p_259184.webp,5cbb6c355e986a75795a6887
evan-williams-7-year-old-single-barrel-vintage-kentucky-straight-bourbon-2015-whiskey-70cl-43.3-abv,Evan Williams - 7 year old Single Barrel Vintage Kentucky Straight Bourbon 2015 Whiskey 70cl 43.3% ABV,Bourbon,"bourbon, whiskey, single-barrel, straight-bourbon",Evan Williams,TRUE,188.99,https://www.liquorstore-online.com/product_images/p_252320.webp,24475
evan-williams-apple-bourbon-whiskey-liqueur-70cl-32.5-abv,Evan Williams - Apple Bourbon Whiskey Liqueur 70cl 32.5% ABV,Bourbon,"bourbon, whiskey",Evan Williams,TRUE,126.99,https://www.liquorstore-online.com/product_images/p_248268.webp,23241
evan-williams-1783-bourbon-1.75l,Evan Williams 1783 Bourbon 1.75L,Bourbon,"bourbon, whiskey",Evan Williams,TRUE,70.89,https://www.liquorstore-online.com/product_images/p_181784.webp,596723ce12f2fb071587e85c
evan-williams-1783-bourbon-750ml,Evan Williams 1783 Bourbon 750ml,Bourbon,"bourbon, whiskey",Evan Williams,TRUE,50.89,https://www.liquorstore-online.com/product_images/p_177099.webp,5f6ba7fa0b2eb848ff86fd60
evan-williams-1783-no-10-brand-kentucky-straight-bourbon-whisky-750ml,Evan Williams 1783 No. 10 Brand Kentucky Straight Bourbon Whisky (750ml),Bourbon,"bourbon, whiskey, straight-bourbon",Evan Williams,TRUE,49.89,https://www.liquorstore-online.com/product_images/p_261501.webp,131011
evan-williams-black-bourbon-1.75l,Evan Williams Black Bourbon 1.75L,Bourbon,"bourbon, whiskey",Evan Williams,TRUE,59.89,https://www.liquorstore-online.com/product_images/p_182378.webp,56c3373a69702d27edb20400
evan-williams-black-bourbon-1l,Evan Williams Black Bourbon 1L,Bourbon,"bourbon, whiskey",Evan Williams,TRUE,47.88,https://www.liquorstore-online.com/product_images/p_188167.webp,56c3373a69702d27edb30400
evan-williams-black-bourbon-750ml,Evan Williams Black Bourbon 750ml,Bourbon,"bourbon, whiskey",Evan Williams,TRUE,46.88,https://www.liquorstore-online.com/product_images/p_188310.webp,56c3373a69702d27edb40400
evan-williams-bourbon-single-barrel-barrel-2013-750ml,Evan Williams Bourbon Single Barrel Barrel 2013 (750ml),Bourbon,"bourbon, whiskey, single-barrel",Evan Williams,TRUE,195.49,https://www.liquorstore-online.com/product_images/p_263114.webp,967182
ezra-brooks-bourbon-cream-liqueur-70cl-12.5-abv,Ezra Brooks - Bourbon Cream Liqueur 70cl 12.5% ABV,Bourbon,"bourbon, whiskey",Ezra Brooks,TRUE,123.99,https://www.liquorstore-online.com/product_images/p_229882.webp,22207
ezra-brooks-straight-bourbon-black-label-80-proof-whiskey-70cl-40-abv,Ezra Brooks - Straight Bourbon Black Label 80 Proof Whiskey 70cl 40% ABV,Bourbon,"bourbon, whiskey, straight-bourbon",Ezra Brooks,TRUE,131.99,https://www.liquorstore-online.com/product_images/p_166725.webp,13824
ezra-brooks-bourbon-99-proof-1.75l,Ezra Brooks Bourbon 99 Proof 1.75L,Bourbon,"bourbon, whiskey",Ezra Brooks,TRUE,67.89,https://www.liquorstore-online.com/product_images/p_220232.png,62c04e5ad1eadb3958257d8c
ezra-brooks-bourbon-99-proof-750ml,Ezra Brooks Bourbon 99 Proof 750ml,Bourbon,"bourbon, whiskey",Ezra Brooks,TRUE,45.89,https://www.liquorstore-online.com/product_images/p_188761.webp,5ff5f616ba521b796ee79993
federalist-bourbon-barrel-aged-red-blend-750ml,Federalist Bourbon Barrel Aged Red Blend 750ml,Bourbon,"bourbon, whiskey",Federalist Bourbon,TRUE,54.89,https://www.liquorstore-online.com/product_images/p_257920.webp,5be3a71ecf0a332235d05364
fettercairn-10-year-old-carn-mor-strictly-limited-bourbon-cask-finish-single-malt-scotch-2011-whisky-70cl-47.5-abv,Fettercairn - 10 year old Carn Mor Strictly Limited Bourbon Cask Finish Single Malt Scotch 2011 Whisky 70cl 47.5% ABV,Bourbon,"bourbon, whiskey, single-malt",Fettercairn,TRUE,260.99,https://www.liquorstore-online.com/product_images/p_166087.webp,14907
fettercairn-11-year-old-chapter-7-single-bourbon-cask-1409-2011-whisky-70cl-51.6-abv,Fettercairn - 11 year old Chapter 7 Single Bourbon Cask #1409 2011 Whisky 70cl 51.6% ABV,Bourbon,"bourbon, whiskey",Fettercairn,TRUE,265.99,https://www.liquorstore-online.com/product_images/p_188195.webp,17896
fighting-cock-bourbon-750ml,Fighting Cock Bourbon (750ml),Bourbon,"bourbon, whiskey",Fighting Cock,TRUE,44.89,https://www.liquorstore-online.com/product_images/p_261634.webp,132591
fighting-cock-bourbon-750ml,Fighting Cock Bourbon 750ml,Bourbon,"bourbon, whiskey",Fighting Cock,TRUE,42.88,https://www.liquorstore-online.com/product_images/p_181125.webp,5521cef96561310003f60200
filibuster-single-estate-single-barrel-straight-bourbon-whiskey-750ml,Filibuster Single Estate Single Barrel Straight Bourbon Whiskey (750ml),Bourbon,"bourbon, whiskey, single-barrel, straight-bourbon",Filibuster Single,TRUE,64.89,https://www.liquorstore-online.com/product_images/p_264042.webp,371096
filibuster-triple-cask-madeira-barrel-finish-bourbon-whiskey-single-barrel-750ml,Filibuster Triple Cask Madeira Barrel Finish Bourbon Whiskey Single Barrel (750ml),Bourbon,"bourbon, whiskey, single-barrel",Filibuster Triple,TRUE,103.99,https://www.liquorstore-online.com/product_images/p_264255.webp,Filibuster3CaskMadeira
first-west-explorer-bourbon-750ml,First West Explorer Bourbon 750ml,Bourbon,"bourbon, whiskey",The Bardstown Bourbon Company,TRUE,73.89,https://www.liquorstore-online.com/product_images/p_259998.webp,69f125ded10a8f00016226e2
five-springs-blood-orange-infused-bourbon-750ml,Five Springs Blood Orange Infused Bourbon 750ml,Bourbon,"bourbon, whiskey",Blood Orange,TRUE,58.89,https://www.liquorstore-online.com/product_images/p_260309.webp,663e9bba41c311522200b88c
five-springs-vanilla-maple-infused-bourbon-750ml,Five Springs Vanilla Maple Infused Bourbon 750ml,Bourbon,"bourbon, whiskey",Five Springs,TRUE,58.89,https://www.liquorstore-online.com/product_images/p_260306.webp,663e9bf04ad0cc47c6dc425d
founding-spirits-bourbon-1l,Founding Spirits Bourbon (1l),Bourbon,"bourbon, whiskey",Founding Spirits,TRUE,67.90,https://www.liquorstore-online.com/product_images/p_262196.webp,178479
founding-spirits-bourbon-whiskey-finished-in-rum-barrels-750ml,Founding Spirits Bourbon Whiskey Finished in Rum Barrels (750ml),Bourbon,"bourbon, whiskey",Founding Spirits,TRUE,98.99,https://www.liquorstore-online.com/product_images/p_263887.webp,29608355
founding-spirits-maple-bourbon-750ml,Founding Spirits Maple Bourbon (750ml),Bourbon,"bourbon, whiskey",Founding Spirits,TRUE,98.99,https://www.liquorstore-online.com/product_images/p_262673.webp,99887766
four-roses-11-year-old-small-batch-barrel-strength-2014-release-kentucky-straight-bourbon-whiskey-70cl-55.9-abv,Four Roses - 11 year old Small Batch Barrel Strength 2014 Release Kentucky Straight Bourbon Whiskey 70cl 55.9% ABV,Bourbon,"bourbon, whiskey, small-batch, straight-bourbon",Four Roses,TRUE,1478.99,https://www.liquorstore-online.com/product_images/p_210207.webp,6786
four-roses-11-year-old-small-batch-barrel-strength-2019-release-kentucky-straight-bourbon-whiskey-70cl-56.3-abv,Four Roses - 11 year old Small Batch Barrel Strength 2019 Release Kentucky Straight Bourbon Whiskey 70cl 56.3% ABV,Bourbon,"bourbon, whiskey, small-batch, straight-bourbon",Four Roses,TRUE,1284.99,https://www.liquorstore-online.com/product_images/p_255183.webp,12062
four-roses-12-year-old-small-batch-barrel-strength-2017-release-kentucky-straight-bourbon-whiskey-70cl-53.9-abv,Four Roses - 12 year old Small Batch Barrel Strength 2017 Release Kentucky Straight Bourbon Whiskey 70cl 53.9% ABV,Bourbon,"bourbon, whiskey, small-batch, straight-bourbon",Four Roses,TRUE,1284.99,https://www.liquorstore-online.com/product_images/p_180075.webp,16594
four-roses-12-year-old-small-batch-barrel-strength-2020-release-kentucky-straight-bourbon-whiskey-70cl-55.7-abv,Four Roses - 12 year old Small Batch Barrel Strength 2020 Release Kentucky Straight Bourbon Whiskey 70cl 55.7% ABV,Bourbon,"bourbon, whiskey, small-batch, straight-bourbon",Four Roses,TRUE,920.99,https://www.liquorstore-online.com/product_images/p_166222.webp,12878
four-roses-5-year-old-yellow-label-original-kentucky-straight-bourbon-whiskey-70cl-40-abv,Four Roses - 5 year old Yellow Label Original Kentucky Straight Bourbon Whiskey 70cl 40% ABV,Bourbon,"bourbon, whiskey, straight-bourbon",Four Roses,TRUE,130.99,https://www.liquorstore-online.com/product_images/p_139611.webp,12057
four-roses-6-year-old-small-batch-select-kentucky-straight-bourbon-whiskey-75cl-52-abv,Four Roses - 6 year old Small Batch Select Kentucky Straight Bourbon Whiskey 75cl 52% ABV,Bourbon,"bourbon, whiskey, small-batch, straight-bourbon",Four Roses,TRUE,195.99,https://www.liquorstore-online.com/product_images/p_167045.webp,15055
four-roses-single-barrel-100-proof-kentucky-straight-bourbon-whiskey-70cl-50-abv,Four Roses - Single Barrel 100 Proof Kentucky Straight Bourbon Whiskey 70cl 50% ABV,Bourbon,"bourbon, whiskey, single-barrel, straight-bourbon",Four Roses,TRUE,188.99,https://www.liquorstore-online.com/product_images/p_136201.webp,12059
four-roses-small-batch-kentucky-straight-bourbon-whiskey-70cl-45-abv,Four Roses - Small Batch Kentucky Straight Bourbon Whiskey 70cl 45% ABV,Bourbon,"bourbon, whiskey, small-batch, straight-bourbon",Four Roses,TRUE,143.99,https://www.liquorstore-online.com/product_images/p_135208.webp,12058
four-roses-100th-anniversary-limited-edition-single-barrel-bourbon-whiskey-750ml,Four Roses 100th Anniversary Limited Edition Single Barrel Bourbon Whiskey (750ml),Bourbon,"bourbon, whiskey, single-barrel",Four Roses,TRUE,2258.99,https://www.liquorstore-online.com/product_images/p_265840.webp,101372
four-roses-bourbon-1.75l,Four Roses Bourbon 1.75L,Bourbon,"bourbon, whiskey",Four Roses,TRUE,69.89,https://www.liquorstore-online.com/product_images/p_176874.webp,56c296bb756275139d790500
four-roses-bourbon-750ml,Four Roses Bourbon 750ml,Bourbon,"bourbon, whiskey",Four Roses,TRUE,48.89,https://www.liquorstore-online.com/product_images/p_177278.webp,56c2713775627570b0140200
four-roses-bourbon-single-barrel-750ml,Four Roses Bourbon Single Barrel 750ml,Bourbon,"bourbon, whiskey, single-barrel",Four Roses,TRUE,72.88,https://www.liquorstore-online.com/product_images/p_181202.webp,6272a15c5e9d8a45e36999f9
four-roses-bourbon-single-barrel-obsk-750ml,Four Roses Bourbon Single Barrel Obsk 750ml,Bourbon,"bourbon, whiskey, single-barrel",Four Roses,TRUE,74.89,https://www.liquorstore-online.com/product_images/p_250751.webp,68f7b4ba7aba1833b213cbfc
four-roses-bourbon-single-barrel-oesk-750ml,Four Roses Bourbon Single Barrel OESK 750ml,Bourbon,"bourbon, whiskey, single-barrel",Four Roses,TRUE,73.89,https://www.liquorstore-online.com/product_images/p_230460.webp,67912c0a8b509c433402dd9b
four-roses-limited-edition-125th-anniversary-small-batch-bourbon-2013-700ml,Four Roses Limited Edition '125th Anniversary' Small Batch Bourbon - 2013 (700ml),Bourbon,"bourbon, whiskey, small-batch",Four Roses Limited Edition '125th Anniversary' Small Batch Bourbon,TRUE,1358.99,https://www.liquorstore-online.com/product_images/p_262015.webp,163691
four-roses-limited-edition-small-batch-bourbon-55.9-2014-750ml,Four Roses Limited Edition Small Batch Bourbon 55.9% - 2014 (750ml),Bourbon,"bourbon, whiskey, small-batch",Four Roses Limited Edition Small Batch Bourbon 55.9%,TRUE,737.99,https://www.liquorstore-online.com/product_images/p_265900.webp,101378
four-roses-small-batch-bourbon-375ml,Four Roses Small Batch Bourbon (375ml),Bourbon,"bourbon, whiskey, small-batch",Four Roses,TRUE,42.89,https://www.liquorstore-online.com/product_images/p_265035.webp,656612
four-roses-small-batch-bourbon-750ml,Four Roses Small Batch Bourbon (750ml),Bourbon,"bourbon, whiskey, small-batch",Four Roses,TRUE,64.89,https://www.liquorstore-online.com/product_images/p_261602.webp,131813
four-roses-small-batch-kentucky-straight-bourbon-whisky-750ml,Four Roses Small Batch Kentucky Straight Bourbon Whisky 750ml,Bourbon,"bourbon, whiskey, small-batch, straight-bourbon",Four Roses,TRUE,62.88,https://www.liquorstore-online.com/product_images/p_178166.webp,5521cef86561310003de0200
four-roses-small-batch-select-bourbon-750ml,Four Roses Small Batch Select Bourbon 750ml,Bourbon,"bourbon, whiskey, small-batch",Four Roses,TRUE,90.99,https://www.liquorstore-online.com/product_images/p_178057.webp,5cad23f5b7cf4742987fee01
four-roses-yellow-label-bourbon-750ml,Four Roses Yellow Label Bourbon (750ml),Bourbon,"bourbon, whiskey",Four Roses,TRUE,48.89,https://www.liquorstore-online.com/product_images/p_261618.webp,132051
fox-oden-bourbon-whiskey-750ml,Fox & Oden Bourbon Whiskey (750ml),Bourbon,"bourbon, whiskey",Fox &,TRUE,123.99,https://www.liquorstore-online.com/product_images/p_263544.webp,125412
frank-august-case-study-06-legacy-reserve-6-barrel-batch-750ml,Frank August Case Study: 06 Legacy Reserve 6 Barrel Batch 750ml,Bourbon,"bourbon, whiskey",Frank August,TRUE,173.49,https://www.liquorstore-online.com/product_images/p_253091.webp,68f94684c127664da685c380
frank-august-single-barrel-kentucky-straight-bourbon-whiskey-750ml,Frank August Single Barrel Kentucky Straight Bourbon Whiskey 750ml,Bourbon,"bourbon, whiskey, single-barrel, straight-bourbon",Frank August,TRUE,170.49,https://www.liquorstore-online.com/product_images/p_253109.webp,69b346ae1d3ad00001355a18
g-w-private-stock-straight-bourbon-whiskey-5yr-750ml,G & W Private Stock Straight Bourbon Whiskey 5YR 750ml,Bourbon,"bourbon, whiskey, straight-bourbon",G & W,TRUE,44.89,https://www.liquorstore-online.com/product_images/p_222142.webp,6064c9bff27da561bed898b1
garnheath-silent-28-year-old-coopers-choice-single-bourbon-cask-22156-1986-whisky-70cl-48.5-abv,Garnheath (Silent) - 28 year old Cooper's Choice - Single Bourbon Cask #22156 1986 Whisky 70cl 48.5% ABV,Bourbon,"bourbon, whiskey",Garnheath (Silent),TRUE,2091.99,https://www.liquorstore-online.com/product_images/p_247902.webp,7015
garrison-brothers-honeydew-bourbon-750ml,Garrison Brothers Honeydew Bourbon (750ml),Bourbon,"bourbon, whiskey",Garrison Brothers,TRUE,113.99,https://www.liquorstore-online.com/product_images/p_265036.webp,100725
george-dickel-14-year-old-that-boutique-y-whisky-company-batch-1-tennessee-bourbon-whiskey-50cl-52.2-abv,George Dickel - 14 year old That Boutique-y Whisky Company Batch #1 Tennessee Bourbon Whiskey 50cl 52.2% ABV,Bourbon,"bourbon, whiskey, tennessee-whiskey",George Dickel,TRUE,627.99,https://www.liquorstore-online.com/product_images/p_187645.webp,9273
george-dickel-8-year-old-handcrafted-small-batch-bourbon-whiskey-75cl-45-abv,George Dickel - 8 year old Handcrafted Small Batch Bourbon Whiskey 75cl 45% ABV,Bourbon,"bourbon, whiskey, small-batch",George Dickel,TRUE,247.99,https://www.liquorstore-online.com/product_images/p_253659.webp,25355
george-dickel-aged-8-years-bourbon-whisky-750ml,George Dickel Aged 8 Years Bourbon Whisky (750ml),Bourbon,"bourbon, whiskey",George Dickel,TRUE,61.89,https://www.liquorstore-online.com/product_images/p_262573.webp,189848
george-dickel-bourbon-8-yr-750ml,George Dickel Bourbon 8 yr. 750ml,Bourbon,"bourbon, whiskey",George Dickel,TRUE,59.89,https://www.liquorstore-online.com/product_images/p_211182.webp,60c8ee40186be113e5093dcc
george-remus-bourbon-750ml,George Remus Bourbon 750ml,Bourbon,"bourbon, whiskey",George Remus,TRUE,61.88,https://www.liquorstore-online.com/product_images/p_186419.webp,5fc12f6709d31d25d39ee6c5
george-remus-gatsby-reserve-15-year-old-straight-bourbon-whiskey-750ml,George Remus Gatsby Reserve 15 Year Old Straight Bourbon Whiskey (750ml),Bourbon,"bourbon, whiskey, straight-bourbon",George Remus,TRUE,433.99,https://www.liquorstore-online.com/product_images/p_262413.webp,186691
george-remus-repeal-reserve-straight-bourbon-whiskey-series-6-750ml,George Remus Repeal Reserve Straight Bourbon Whiskey Series 6 (750ml),Bourbon,"bourbon, whiskey, straight-bourbon",George Remus,TRUE,133.99,https://www.liquorstore-online.com/product_images/p_262387.webp,186381
george-t-stagg-15-year-old-antique-collection-2020-edition-kentucky-straight-bourbon-2005-whiskey-75cl-65.2-abv,George T Stagg - 15 year old Antique Collection 2020 Edition Kentucky Straight Bourbon 2005 Whiskey 75cl 65.2% ABV,Bourbon,"bourbon, whiskey, straight-bourbon",George T Stagg,TRUE,3433.99,https://www.liquorstore-online.com/product_images/p_182766.webp,13112
george-t-stagg-15-year-old-antique-collection-2022-edition-kentucky-straight-bourbon-2007-whiskey-75cl-69.35-abv,George T Stagg - 15 year old Antique Collection 2022 Edition Kentucky Straight Bourbon 2007 Whiskey 75cl 69.35% ABV,Bourbon,"bourbon, whiskey, straight-bourbon",George T Stagg,TRUE,2608.99,https://www.liquorstore-online.com/product_images/p_252931.webp,18091
george-t-stagg-15-year-old-antique-collection-2023-edition-kentucky-straight-bourbon-2008-whiskey-75cl-67.5-abv,George T Stagg - 15 year old Antique Collection 2023 Edition Kentucky Straight Bourbon 2008 Whiskey 75cl 67.5% ABV,Bourbon,"bourbon, whiskey, straight-bourbon",George T Stagg,TRUE,1962.99,https://www.liquorstore-online.com/product_images/p_252521.webp,21751
girvan-30-year-old-integrity-malts-single-bourbon-cask-106520-1995-whisky-70cl-48.5-abv,Girvan - 30 year old Integrity Malts Single Bourbon Cask #106520 1995 Whisky 70cl 48.5% ABV,Bourbon,"bourbon, whiskey",Girvan,TRUE,273.99,https://www.liquorstore-online.com/product_images/p_259878.webp,26185
glasgow-1770-8-year-old-bourbon-cask-lightly-peated-single-malt-scotch-2017-whisky-70cl-54-abv0,Glasgow 1770 - 8 year old Bourbon Cask Lightly Peated Single Malt Scotch 2017 Whisky 70cl 54% ABV0,Bourbon,"bourbon, whiskey, single-malt",Glasgow 1770,TRUE,195.99,https://www.liquorstore-online.com/product_images/p_250966.webp,24164
glen-grant-30-year-old-signatory-vintage-symingtons-choice-single-bourbon-cask-88234-1995-whisky-70cl-48.7-abv0,Glen Grant - 30 year old Signatory Vintage Symington's Choice Single Bourbon Cask #88234 1995 Whisky 70cl 48.7% ABV0,Bourbon,"bourbon, whiskey",Glen Grant,TRUE,627.99,https://www.liquorstore-online.com/product_images/p_253181.webp,25127
glen-keith-32-year-old-infrequent-flyers-single-bourbon-cask-8529-1993-whisky-70cl-51.5-abv0,Glen Keith - 32 year old Infrequent Flyers Single Bourbon Cask #8529 1993 Whisky 70cl 51.5% ABV0,Bourbon,"bourbon, whiskey",Glen Keith,TRUE,736.99,https://www.liquorstore-online.com/product_images/p_253213.webp,25075
glen-moray-17-year-old-murray-mcdavid-benchmark-bourbon-cask-single-malt-scotch-2007-whisky-70cl-53.1-abv0,Glen Moray - 17 year old Murray McDavid Benchmark Bourbon Cask Single Malt Scotch 2007 Whisky 70cl 53.1% ABV0,Bourbon,"bourbon, whiskey, single-malt",Glen Moray,TRUE,253.99,https://www.liquorstore-online.com/product_images/p_250735.webp,24100
glen-ord-10-year-old-carn-mor-strictly-limited-bourbon-cask-finish-single-malt-scotch-2012-whisky-70cl-47.5-abv,Glen Ord - 10 year old Carn Mor Strictly Limited Bourbon Cask Finish Single Malt Scotch 2012 Whisky 70cl 47.5% ABV,Bourbon,"bourbon, whiskey, single-malt",Glen Ord,TRUE,260.99,https://www.liquorstore-online.com/product_images/p_202274.webp,18560
glen-ord-8-year-old-carn-mor-strictly-limited-bourbon-cask-finish-single-malt-scotch-2012-whisky-70cl-47.5-abv,Glen Ord - 8 year old Carn Mor Strictly Limited Bourbon Cask Finish Single Malt Scotch 2012 Whisky 70cl 47.5% ABV,Bourbon,"bourbon, whiskey, single-malt",Glen Ord,TRUE,214.99,https://www.liquorstore-online.com/product_images/p_165946.webp,14020
glen-spey-12-year-old-james-eadie-single-bourbon-cask-803748-2009-whisky-70cl-56.8-abv-uk-exclusive,Glen Spey - 12 year old James Eadie Single Bourbon Cask #803748 2009 Whisky 70cl 56.8% ABV (UK Exclusive),Bourbon,"bourbon, whiskey",Glen Spey,TRUE,211.99,https://www.liquorstore-online.com/product_images/p_167058.webp,14549
glenallachie-10-year-old-single-bourbon-cask-24829-2008-whisky-70cl-60.1-abv,GlenAllachie - 10 year old Single Bourbon Cask #24829 2008 Whisky 70cl 60.1% ABV,Bourbon,"bourbon, whiskey",Glenallachie,TRUE,421.99,https://www.liquorstore-online.com/product_images/p_136176.webp,9776
glenallachie-12-year-old-single-bourbon-cask-2083-2012-whisky-70cl-61.3-abv,GlenAllachie - 12 year old Single Bourbon Cask #2083 2012 Whisky 70cl 61.3% ABV,Bourbon,"bourbon, whiskey",GlenAllachie,TRUE,336.99,https://www.liquorstore-online.com/product_images/p_231440.webp,22860
glenallachie-12-year-old-single-bourbon-cask-27978-2006-whisky-70cl-61.4-abv,GlenAllachie - 12 year old Single Bourbon Cask #27978 2006 Whisky 70cl 61.4% ABV,Bourbon,"bourbon, whiskey",GlenAllachie,TRUE,522.99,https://www.liquorstore-online.com/product_images/p_253149.webp,12200
glenallachie-12-year-old-single-bourbon-cask-27979-2006-whisky-70cl-62.4-abv,GlenAllachie - 12 year old Single Bourbon Cask #27979 2006 Whisky 70cl 62.4% ABV,Bourbon,"bourbon, whiskey",Glenallachie,TRUE,522.99,https://www.liquorstore-online.com/product_images/p_135767.webp,9775
glenallachie-13-year-old-single-1st-fill-bourbon-cask-111860-2006-whisky-70cl-58.6-abv,GlenAllachie - 13 year old Single 1st Fill Bourbon Cask #111860 2006 Whisky 70cl 58.6% ABV,Bourbon,"bourbon, whiskey",GlenAllachie,TRUE,561.99,https://www.liquorstore-online.com/product_images/p_212222.webp,12765
glenallachie-13-year-old-single-bourbon-cask-16095-2005-whisky-70cl-59.4-abv,GlenAllachie - 13 year old Single Bourbon Cask #16095 2005 Whisky 70cl 59.4% ABV,Bourbon,"bourbon, whiskey",Glenallachie,TRUE,535.99,https://www.liquorstore-online.com/product_images/p_135087.webp,9774
glenallachie-28-year-old-single-bourbon-cask-620-1990-whisky-70cl-60.7-abv,GlenAllachie - 28 year old Single Bourbon Cask #620 1990 Whisky 70cl 60.7% ABV,Bourbon,"bourbon, whiskey",GlenAllachie,TRUE,1478.99,https://www.liquorstore-online.com/product_images/p_252983.webp,9773
glenallachie-9-year-old-single-peated-bourbon-cask-806890-2012-whisky-70cl-60.1-abv,GlenAllachie - 9 year old Single Peated Bourbon Cask #806890 2012 Whisky 70cl 60.1% ABV,Bourbon,"bourbon, whiskey",GlenAllachie,TRUE,414.99,https://www.liquorstore-online.com/product_images/p_252542.webp,15900
glenburgie-10-year-old-carn-mor-strictly-limited-first-fill-bourbon-cask-finish-single-malt-scotch-2011-whisky-70cl-47.5-abv,Glenburgie - 10 year old Carn Mor Strictly Limited First Fill Bourbon Cask Finish Single Malt Scotch 2011 Whisky 70cl 47.5% ABV,Bourbon,"bourbon, whiskey, single-malt",Glenburgie,TRUE,214.99,https://www.liquorstore-online.com/product_images/p_166128.webp,15397
glenburgie-8-year-old-carn-mor-strictly-limited-bourbon-cask-finish-single-malt-scotch-2013-whisky-70cl-47.5-abv,Glenburgie - 8 year old Carn Mor Strictly Limited Bourbon Cask Finish Single Malt Scotch 2013 Whisky 70cl 47.5% ABV,Bourbon,"bourbon, whiskey, single-malt",Glenburgie,TRUE,207.99,https://www.liquorstore-online.com/product_images/p_184556.webp,16934
glendullan-12-year-old-james-eadie-single-ex-bourbon-cask-306085-2009-whisky-70cl-52.6-abv-uk-exclusive,Glendullan - 12 year old James Eadie Single Ex-Bourbon Cask #306085 2009 Whisky 70cl 52.6% ABV (UK Exclusive),Bourbon,"bourbon, whiskey",Glendullan,TRUE,260.99,https://www.liquorstore-online.com/product_images/p_166251.webp,15572
glenfiddich-spirit-of-speyside-whisky-festival-bourbon-14-year-132200-750ml,Glenfiddich 'Spirit of Speyside Whisky Festival' Bourbon 14 Year (132/200) (750ml),Bourbon,"bourbon, whiskey",Glenfiddich 'Spirit,TRUE,988.99,https://www.liquorstore-online.com/product_images/p_265047.webp,100753
glenfiddich-14-year-old-bourbon-barrel-reserve-speyside-single-malt-scotch-whisky-70cl-43-abv,Glenfiddich - 14 year old Bourbon Barrel Reserve Speyside Single Malt Scotch Whisky 70cl 43% ABV,Bourbon,"bourbon, whiskey, single-malt",Glenfiddich,TRUE,188.99,https://www.liquorstore-online.com/product_images/p_253702.webp,25440
glenfiddich-14-years-old-bourbon-barrel-reserve-375ml,Glenfiddich 14 Years Old Bourbon Barrel Reserve 375ml,Bourbon,"bourbon, whiskey",Glenfiddich,TRUE,59.89,https://www.liquorstore-online.com/product_images/p_258818.webp,6851cce33337bb5b2329edeb
glenfiddich-14yr-bourbon-barrel-reserve-single-malt-scotch-750ml,Glenfiddich 14yr Bourbon Barrel Reserve Single Malt Scotch 750ml,Bourbon,"bourbon, whiskey, single-malt",Glenfiddich,TRUE,101.99,https://www.liquorstore-online.com/product_images/p_176884.webp,56c3370f69702d27ed2f0200
glengoyne-11-year-old-murray-mcdavid-benchmark-bourbon-barrel-single-malt-scotch-2014-whisky-70cl-56.6-abv,Glengoyne - 11 year old Murray McDavid Benchmark Bourbon Barrel Single Malt Scotch 2014 Whisky 70cl 56.6% ABV,Bourbon,"bourbon, whiskey, single-malt",Glengoyne,TRUE,247.99,https://www.liquorstore-online.com/product_images/p_255211.webp,25608
glengyle-kilkerran-8-year-bourbon-wood-700ml,Glengyle Kilkerran 8 Year Bourbon Wood   (700ml),Bourbon,"bourbon, whiskey",Glengyle Kilkerran,TRUE,255.99,https://www.liquorstore-online.com/product_images/p_267641.webp,102199
glengyle-kilkerran-8-year-cask-strength-bourbon-cask-700ml,Glengyle Kilkerran 8 Year Cask Strength Bourbon Cask (700ml),Bourbon,"bourbon, whiskey",Glengyle Kilkerran,TRUE,165.49,https://www.liquorstore-online.com/product_images/p_262428.webp,188216
glenturret-10-year-old-ruadh-maor-coopers-choice-single-bourbon-cask-336-2010-whisky-70cl-56-abv,Glenturret - 10 year old Ruadh Maor - Cooper's Choice - Single Bourbon Cask #336 2010 Whisky 70cl 56% ABV,Bourbon,"bourbon, whiskey",Glenturret,TRUE,201.99,https://www.liquorstore-online.com/product_images/p_166496.webp,14572
glenturret-9-year-old-ruadh-maor-coopers-choice-single-bourbon-cask-186-2010-whisky-70cl-58-abv,Glenturret - 9 year old Ruadh Maor - Cooper's Choice - Single Bourbon Cask #186 2010 Whisky 70cl 58% ABV,Bourbon,"bourbon, whiskey",Glenturret,TRUE,247.99,https://www.liquorstore-online.com/product_images/p_138535.webp,13197
green-river-kentucky-straight-bourbon-whiskey-5cl-45-abv-miniature,Green River - Kentucky Straight Bourbon Whiskey 5cl 45% ABV Miniature,Bourbon,"bourbon, whiskey, straight-bourbon",Green River,TRUE,99.99,https://www.liquorstore-online.com/product_images/p_230655.webp,22399
green-river-u-s-army-250th-anniversary-kentucky-straight-bourbon-whiskey-75cl-55.55-abv,Green River - U.S. Army 250th Anniversary Kentucky Straight Bourbon Whiskey 75cl 55.55% ABV,Bourbon,"bourbon, whiskey, straight-bourbon",Green River,TRUE,292.99,https://www.liquorstore-online.com/product_images/p_260271.webp,26183
green-river-army-250th-anniversary-bourbon-111.1-proof-750ml,Green River Army 250th Anniversary Bourbon 111.1 Proof (750ml),Bourbon,"bourbon, whiskey",Green River,TRUE,88.99,https://www.liquorstore-online.com/product_images/p_263835.webp,646699
green-river-bourbon-750ml,Green River Bourbon (750ml),Bourbon,"bourbon, whiskey",Green River,TRUE,60.89,https://www.liquorstore-online.com/product_images/p_262449.webp,188925
green-river-full-proof-bourbon-750ml,Green River Full Proof Bourbon (750ml),Bourbon,"bourbon, whiskey",Green River,TRUE,74.89,https://www.liquorstore-online.com/product_images/p_263565.webp,526684
green-river-full-proof-wheated-bourbon-750ml,Green River Full Proof Wheated Bourbon 750ml,Bourbon,"bourbon, whiskey",Green River,TRUE,72.88,https://www.liquorstore-online.com/product_images/p_253608.webp,69653d182f2823434677e39b
green-river-honey-finished-bourbon-750ml,Green River Honey-Finished Bourbon (750ml),Bourbon,"bourbon, whiskey",Green River,TRUE,47.89,https://www.liquorstore-online.com/product_images/p_268030.webp,656619
green-river-schneiders-barrel-124.8-proof-bourbon-750ml,Green River Schneider's Barrel 124.8 Proof Bourbon (750ml),Bourbon,"bourbon, whiskey",Green River,TRUE,93.99,https://www.liquorstore-online.com/product_images/p_264717.webp,959924
green-river-wheated-bourbon-750ml,Green River Wheated Bourbon (750ml),Bourbon,"bourbon, whiskey",Green River,TRUE,64.89,https://www.liquorstore-online.com/product_images/p_262448.webp,188924
h-deringer-bourbon-750ml,H Deringer Bourbon (750ml),Bourbon,"bourbon, whiskey",H Deringer,TRUE,123.99,https://www.liquorstore-online.com/product_images/p_264020.webp,371092
hardins-creek-wharehouse-series-2-the-beaver-once-bourbon-750ml,Hardin's Creek Wharehouse Series 2 'The Beaver Once' Bourbon (750ml),Bourbon,"bourbon, whiskey",Hardin's Creek,TRUE,240.99,https://www.liquorstore-online.com/product_images/p_264391.webp,989102
heaven-hill-grain-to-glass-straight-bourbon-whiskey-750ml,Heaven Hill 'Grain to Glass' Straight Bourbon Whiskey (750ml),Bourbon,"bourbon, whiskey, straight-bourbon",Heaven Hill,TRUE,113.99,https://www.liquorstore-online.com/product_images/p_263302.webp,98671522
heaven-hill-10-year-old-parkers-heritage-collection-2013-bourbon-whiskey-75cl-48-abv,Heaven Hill - 10 year old Parkers Heritage Collection 2013 Bourbon Whiskey 75cl 48% ABV,Bourbon,"bourbon, whiskey",Heaven Hill,TRUE,3433.99,https://www.liquorstore-online.com/product_images/p_212323.webp,4309
heaven-hill-11-year-old-parkers-heritage-collection-2017-bourbon-2006-whiskey-75cl-61-abv,Heaven Hill - 11 year old Parkers Heritage Collection 2017 Bourbon 2006 Whiskey 75cl 61% ABV,Bourbon,"bourbon, whiskey",Heaven Hill,TRUE,1284.99,https://www.liquorstore-online.com/product_images/p_136277.webp,8655
heaven-hill-11-year-old-parkers-heritage-collection-2021-bourbon-whiskey-75cl-61-abv,Heaven Hill - 11 year old Parkers Heritage Collection 2021 Bourbon Whiskey 75cl 61% ABV,Bourbon,"bourbon, whiskey",Heaven Hill,TRUE,1832.99,https://www.liquorstore-online.com/product_images/p_211959.jpg,16620
heaven-hill-13-year-old-parkers-heritage-collection-2014-bourbon-2000-whiskey-75cl-63.4-abv,Heaven Hill - 13 year old Parkers Heritage Collection 2014 Bourbon 2000 Whiskey 75cl 63.4% ABV,Bourbon,"bourbon, whiskey",Heaven Hill,TRUE,3433.99,https://www.liquorstore-online.com/product_images/p_253474.webp,5831
heaven-hill-7-year-old-bottled-in-bond-kentucky-straight-bourbon-whiskey-70cl-50-abv,Heaven Hill - 7 year old Bottled In Bond Kentucky Straight Bourbon Whiskey 70cl 50% ABV,Bourbon,"bourbon, whiskey, straight-bourbon",Heaven Hill,TRUE,214.99,https://www.liquorstore-online.com/product_images/p_251033.webp,24169
heaven-hill-7-year-old-parkers-heritage-collection-2018-bourbon-whiskey-75cl-55-abv,Heaven Hill - 7 year old Parkers Heritage Collection 2018 Bourbon Whiskey 75cl 55% ABV,Bourbon,"bourbon, whiskey",Heaven Hill,TRUE,1050.99,https://www.liquorstore-online.com/product_images/p_135114.webp,10015
heaven-hill-8-year-old-parkers-heritage-collection-2015-bourbon-whiskey-75cl-54-abv,Heaven Hill - 8 year old Parkers Heritage Collection 2015 Bourbon Whiskey 75cl 54% ABV,Bourbon,"bourbon, whiskey",Heaven Hill,TRUE,985.99,https://www.liquorstore-online.com/product_images/p_138771.webp,6697
heaven-hill-90th-anniversary-bourbon-750ml,Heaven Hill 90th Anniversary Bourbon 750ml,Bourbon,"bourbon, whiskey",Heaven Hill,TRUE,375.99,https://www.liquorstore-online.com/product_images/p_252780.webp,6916980607e3863298e8bb6b
heaven-hill-bottled-in-bond-bourbon-750ml,Heaven Hill Bottled-In-Bond Bourbon 750ml,Bourbon,"bourbon, whiskey",Heaven Hill,TRUE,73.83,https://www.liquorstore-online.com/product_images/p_211890.webp,5d9e5b16bed2c72286f208b1
heavens-door-exploration-series-1-calvados-casks-finished-straight-bourbon-whiskey-750ml,Heaven's Door 'Exploration Series 1' Calvados Casks Finished Straight Bourbon Whiskey (750ml),Bourbon,"bourbon, whiskey, straight-bourbon",Heaven's Door,TRUE,109.99,https://www.liquorstore-online.com/product_images/p_264483.webp,38801059
heavens-door-10-year-old-decade-series-straight-bourbon-whiskey-75cl-50-abv-bob-dylan,Heaven's Door - 10 year old Decade Series Straight Bourbon Whiskey 75cl 50% ABV (Bob Dylan),Bourbon,"bourbon, whiskey, straight-bourbon",Heaven's Door,TRUE,273.99,https://www.liquorstore-online.com/product_images/p_212697.webp,19506
heavens-door-10-year-old-redbreast-finish-bourbon-whiskey-75cl-50-abv-bob-dylan,Heaven's Door - 10 year old Redbreast Finish Bourbon Whiskey 75cl 50% ABV (Bob Dylan),Bourbon,"bourbon, whiskey",Heaven's Door,TRUE,561.99,https://www.liquorstore-online.com/product_images/p_166906.webp,13752
heavens-door-10-year-old-redbreast-finish-bourbon-whiskey-75cl-50-abv-bob-dylan-includes-bob-dylan-street-legal-vinyl-album,Heaven's Door - 10 year old Redbreast Finish Bourbon Whiskey 75cl 50% ABV (Bob Dylan)- (Includes Bob Dylan Street Legal Vinyl Album),Bourbon,"bourbon, whiskey",Heaven's Door,TRUE,627.99,https://www.liquorstore-online.com/product_images/p_248650.webp,23668
heavens-door-10-year-old-tennessee-bourbon-whiskey-75cl-50-abv-bob-dylan,Heaven's Door - 10 Year Old Tennessee Bourbon Whiskey 75cl 50% ABV (Bob Dylan),Bourbon,"bourbon, whiskey, tennessee-whiskey",Heaven's Door,TRUE,1962.99,https://www.liquorstore-online.com/product_images/p_248700.webp,11276
heavens-door-11-year-old-bootleg-series-volume-iv-2022-edition-straight-bourbon-whiskey-75cl-55.58-abv-bob-dylan,Heaven's Door - 11 year old Bootleg Series Volume IV - 2022 Edition Straight Bourbon Whiskey 75cl 55.58% ABV (Bob Dylan),Bourbon,"bourbon, whiskey, straight-bourbon",Heaven's Door,TRUE,1284.99,https://www.liquorstore-online.com/product_images/p_212615.webp,19505
heavens-door-12-year-old-bootleg-series-volume-vi-2024-edition-straight-bourbon-whisky-70cl-60.58-abv,Heaven's Door - 12 year old Bootleg Series Volume VI - 2024 Edition Straight Bourbon Whisky 70cl 60.58% ABV,Bourbon,"bourbon, whiskey, straight-bourbon",Heaven's Door,TRUE,2091.99,https://www.liquorstore-online.com/product_images/p_259356.webp,25963
heavens-door-13-year-old-bootleg-series-volume-iii-2021-edition-kentucky-straight-bourbon-whiskey-75cl-60.55-abv-bob-dylan,Heaven's Door - 13 year old Bootleg Series Volume III - 2021 Edition Kentucky Straight Bourbon Whiskey 75cl 60.55% ABV (Bob Dylan),Bourbon,"bourbon, whiskey, straight-bourbon",Heaven's Door,TRUE,1284.99,https://www.liquorstore-online.com/product_images/p_179932.webp,15335
heavens-door-15-year-old-bootleg-series-volume-ii-2020-edition-straight-bourbon-whiskey-75cl-52.3-abv-bob-dylan,Heaven's Door - 15 year old Bootleg Series Volume II - 2020 Edition Straight Bourbon Whiskey 75cl 52.3% ABV (Bob Dylan),Bourbon,"bourbon, whiskey, straight-bourbon",Heaven's Door,TRUE,5175.99,https://www.liquorstore-online.com/product_images/p_135284.webp,12970
heavens-door-18-year-old-bootleg-series-volume-v-2023-edition-straight-bourbon-whiskey-75cl-57-abv-bob-dylan,Heaven's Door - 18 year old Bootleg Series Volume V - 2023 Edition Straight Bourbon Whiskey 75cl 57% ABV (Bob Dylan),Bourbon,"bourbon, whiskey, straight-bourbon",Heaven's Door,TRUE,1865.99,https://www.liquorstore-online.com/product_images/p_255377.webp,19993
heavens-door-ascension-kentucky-straight-bourbon-whiskey-75cl-46-abv-bob-dylan,Heaven's Door - Ascension Kentucky Straight Bourbon Whiskey 75cl 46% ABV (Bob Dylan),Bourbon,"bourbon, whiskey, straight-bourbon",Heaven's Door,TRUE,279.99,https://www.liquorstore-online.com/product_images/p_255410.webp,25706
heavens-door-exploration-series-i-calvados-cask-straight-bourbon-whiskey-75cl-50-abv-bob-dylan,Heaven's Door - Exploration Series I Calvados Cask Straight Bourbon Whiskey 75cl 50% ABV (Bob Dylan),Bourbon,"bourbon, whiskey, straight-bourbon",Heaven's Door,TRUE,336.99,https://www.liquorstore-online.com/product_images/p_255409.webp,25705
heavens-door-homesick-blues-minnesota-wheated-bourbon-whiskey-75cl-61.35-abv-bob-dylan,Heaven's Door - Homesick Blues Minnesota Wheated Bourbon Whiskey 75cl 61.35% ABV (Bob Dylan),Bourbon,"bourbon, whiskey",Heaven's Door,TRUE,253.99,https://www.liquorstore-online.com/product_images/p_255407.webp,25703
heavens-door-single-barrel-cask-strength-straight-bourbon-whiskey-750ml,Heaven's Door Single Barrel Cask Strength Straight Bourbon Whiskey (750ml),Bourbon,"bourbon, whiskey, single-barrel, straight-bourbon",Heaven's Door,TRUE,103.99,https://www.liquorstore-online.com/product_images/p_263732.webp,191905
heavens-door-the-bootleg-series-vol-vi-12-year-old-straight-bourbon-750ml,Heavens Door The Bootleg Series Vol. VI 12 Year Old Straight Bourbon 750ml,Bourbon,"bourbon, whiskey, straight-bourbon",Heaven's Door,TRUE,606.99,https://www.liquorstore-online.com/product_images/p_229640.webp,6727c45a814099531c93fef4
henry-mckenna-bourbon-1.75l,Henry McKenna Bourbon 1.75L,Bourbon,"bourbon, whiskey",Henry Mc Kenna,TRUE,53.88,https://www.liquorstore-online.com/product_images/p_181646.webp,56ebb62e69702d5654d33b00
henry-mckenna-single-barrel-10-year-old-bourbon-whiskey-750ml,Henry McKenna Single Barrel 10 Year Old Bourbon Whiskey - (750ml),Bourbon,"bourbon, whiskey, single-barrel",Henry McKenna Single Barrel 10 Year Old Bourbon Whiskey,TRUE,93.99,https://www.liquorstore-online.com/product_images/p_261504.webp,131023
henry-mckenna-single-barrel-750ml,Henry Mckenna Single Barrel 750ml,Bourbon,"bourbon, whiskey, single-barrel",Henry Mc Kenna,TRUE,98.98,https://www.liquorstore-online.com/product_images/p_253019.webp,6248af68abbc047485e13dab
henstone-ex-bourbon-cask-english-single-malt-whisky-70cl-43.8-abv,Henstone - Ex-Bourbon Cask English Single Malt Whisky 70cl 43.8% ABV,Bourbon,"bourbon, whiskey, single-malt",Henstone,TRUE,201.99,https://www.liquorstore-online.com/product_images/p_194008.webp,18117
heublein-manhattan-1792-bourbon-ready-to-drink-cocktail-200ml,Heublein Manhattan (1792 Bourbon) Ready to Drink Cocktail (200ml),Bourbon,"bourbon, whiskey",Heublein Manhattan,TRUE,30.89,https://www.liquorstore-online.com/product_images/p_263697.webp,61698211
high-west-bourbon-cask-collection-chardonnay-finish-750ml,High West Bourbon Cask Collection Chardonnay Finish 750ml,Bourbon,"bourbon, whiskey",High West,TRUE,89.99,https://www.liquorstore-online.com/product_images/p_229694.webp,653ee8d8cfca4c52af0b37a9
high-west-bourbon-whiskey-375ml,High West Bourbon Whiskey (375ml),Bourbon,"bourbon, whiskey",High West,TRUE,44.89,https://www.liquorstore-online.com/product_images/p_267259.webp,656398
high-west-bourbon-whiskey-750ml,High West Bourbon Whiskey 750ml,Bourbon,"bourbon, whiskey",High West,TRUE,54.89,https://www.liquorstore-online.com/product_images/p_177988.webp,56cab40d7562752ed5fb1600
high-west-cask-strength-bourbon-750ml,High West Cask Strength Bourbon 750ml,Bourbon,"bourbon, whiskey",High West,TRUE,72.88,https://www.liquorstore-online.com/product_images/p_255221.webp,6969475a4609312aa68dce86
high-west-distillery-bourye-limited-sighting-blended-straight-rye-bourbon-whiskey-750ml,High West Distillery 'Bourye' Limited Sighting Blended Straight Rye & Bourbon Whiskey (750ml),Bourbon,"bourbon, whiskey, straight-bourbon, rye",High West,TRUE,170.49,https://www.liquorstore-online.com/product_images/p_261668.webp,133653
high-west-distillery-bourbon-whiskey-750ml,High West Distillery Bourbon Whiskey (750ml),Bourbon,"bourbon, whiskey",High West,TRUE,61.89,https://www.liquorstore-online.com/product_images/p_262569.webp,189184
highland-park-17-year-old-murray-mcdavid-benchmark-ex-bourbon-single-malt-scotch-2008-whisky-70cl-54.1-abv,Highland Park - 17 year old Murray McDavid Benchmark Ex-Bourbon Single Malt Scotch 2008 Whisky 70cl 54.1% ABV,Bourbon,"bourbon, whiskey, single-malt",Highland Park,TRUE,286.99,https://www.liquorstore-online.com/product_images/p_255212.webp,25609
highland-park-22-year-old-integrity-malts-single-bourbon-cask-971-2003-whisky-70cl-47.7-abv,Highland Park - 22 year old Integrity Malts Single Bourbon Cask #971 2003 Whisky 70cl 47.7% ABV,Bourbon,"bourbon, whiskey",Highland Park,TRUE,362.99,https://www.liquorstore-online.com/product_images/p_259879.webp,26186
hillrock-estate-solera-aged-bourbon-750ml,Hillrock Estate Solera Aged Bourbon 750ml,Bourbon,"bourbon, whiskey",Hillrock Estate,TRUE,131.99,https://www.liquorstore-online.com/product_images/p_186183.webp,564bd7d469702d5e97680000
hirsch-straight-bourbon-bivouac-750ml,Hirsch Straight Bourbon Bivouac (750ml),Bourbon,"bourbon, whiskey, straight-bourbon",Hirsch Straight,TRUE,61.89,https://www.liquorstore-online.com/product_images/p_262627.webp,371095
holladay-soft-red-wheat-bottled-in-bond-bourbon-750ml,Holladay Soft Red Wheat Bottled-In-Bond Bourbon 750ml,Bourbon,"bourbon, whiskey",Holladay Bourbon,TRUE,90.99,https://www.liquorstore-online.com/product_images/p_226933.webp,6441cb8caf950451d4ac61d8
horse-soldier-straight-bourbon-whiskey-750ml,Horse Soldier Straight Bourbon Whiskey 750ml,Bourbon,"bourbon, whiskey, straight-bourbon",Horse Soldier,TRUE,64.88,https://www.liquorstore-online.com/product_images/p_230458.webp,5c50db32cea37f7c369408d7
horse-with-no-name-4-year-old-habanero-infused-bourbon-whiskey-50cl-45-abv,Horse With No Name - 4 year old Habanero Infused Bourbon Whiskey 50cl 45% ABV,Bourbon,"bourbon, whiskey",Horse With No Name,TRUE,174.99,https://www.liquorstore-online.com/product_images/p_187889.webp,15285
howler-head-banana-bourbon-whiskey-750ml,Howler Head Banana Bourbon Whiskey 750ml,Bourbon,"bourbon, whiskey",Howler Head,TRUE,56.89,https://www.liquorstore-online.com/product_images/p_177672.webp,5dcb77489732ae0f208ab836
hudson-bourbon-do-the-rye-thing-375ml,Hudson Bourbon Do The Rye Thing 375ml,Bourbon,"bourbon, whiskey, rye",Hudson Whiskey,TRUE,49.89,https://www.liquorstore-online.com/product_images/p_181775.webp,5f4ffa42b44a2037093ad155
hudson-whiskey-bright-lights-big-bourbon-375ml,Hudson Whiskey Bright Lights Big Bourbon 375ml,Bourbon,"bourbon, whiskey",Hudson Whiskey,TRUE,49.88,https://www.liquorstore-online.com/product_images/p_177721.webp,5f5a9816cb47b674a5638cb8
hudson-whiskey-bright-lights-big-bourbon-750ml,Hudson Whiskey Bright Lights Big Bourbon 750ml,Bourbon,"bourbon, whiskey",Hudson Whiskey,TRUE,62.88,https://www.liquorstore-online.com/product_images/p_176692.webp,5f4ec0127d571a72e107cf26
i-w-harper-bourbon-cabernet-cask-reserve-750ml,I.W. Harper Bourbon Cabernet Cask Reserve (750ml),Bourbon,"bourbon, whiskey",I.W. Harper,TRUE,93.99,https://www.liquorstore-online.com/product_images/p_262252.webp,180914
imperial-silent-35-year-old-murray-mcdavid-aficionado-single-bourbon-cask-182-1989-whisky-70cl-42.7-abv0,Imperial (silent) - 35 year old Murray McDavid Aficionado Single Bourbon Cask #182 1989 Whisky 70cl 42.7% ABV0,Bourbon,"bourbon, whiskey",Imperial (silent),TRUE,1413.99,https://www.liquorstore-online.com/product_images/p_253237.webp,25014
invergordon-50-year-old-murray-mcdavid-mission-gold-series-single-bourbon-cask-1972-whisky-70cl-43.7-abv,Invergordon - 50 year old Murray McDavid Mission Gold Series Single Bourbon Cask 1972 Whisky 70cl 43.7% ABV,Bourbon,"bourbon, whiskey",Invergordon,TRUE,1050.99,https://www.liquorstore-online.com/product_images/p_230873.webp,22617
iron-smoke-cask-strength-straight-bourbon-whiskey-750ml,Iron Smoke Cask Strength Straight Bourbon Whiskey 750ml,Bourbon,"bourbon, whiskey, straight-bourbon",Iron Smoke,TRUE,108.99,https://www.liquorstore-online.com/product_images/p_186237.webp,5d5d9b7f73a0091a1fd4ce49
isco-blue-velvet-bourbon-750ml,Isco Blue Velvet Bourbon 750ml,Bourbon,"bourbon, whiskey",Bourbon,TRUE,72.89,https://www.liquorstore-online.com/product_images/p_257936.webp,632c75d2df5f040427d5eb24
j-w-kelly-co-old-milford-single-barrel-select-straight-bourbon-750ml,J. W. Kelly & Co. 'Old Milford' Single Barrel Select Straight Bourbon (750ml),Bourbon,"bourbon, whiskey, single-barrel, straight-bourbon",J. W.,TRUE,70.89,https://www.liquorstore-online.com/product_images/p_264206.webp,371249
jack-daniels-whiskey-single-barrel-barrel-proof-750ml,Jack Daniel's Whiskey Single Barrel Barrel Proof 750ml,Bourbon,"bourbon, whiskey, single-barrel",Jack Daniel's,TRUE,109.99,https://www.liquorstore-online.com/product_images/p_259866.webp,6a6a651bee41d4e3148f8b3c
jack-daniels-whiskey-single-barrel-select-750ml,Jack Daniel's Whiskey Single Barrel Select 750ml,Bourbon,"bourbon, whiskey, single-barrel",Jack Daniel's,TRUE,88.99,https://www.liquorstore-online.com/product_images/p_181220.webp,6272a15cc94cf14a0a1d3026
james-b-beam-distilling-co-knob-creek-basil-haydens-bookers-small-batch-bourbon-whiskey-70cl-x-3-40-abv-bundle,James B. Beam Distilling Co. - Knob Creek- Basil Hayden's & Booker's Small Batch Bourbon Whiskey 70cl x 3 40% ABV Bundle,Bourbon,"bourbon, whiskey, small-batch",James B. Beam Distilling Co.,TRUE,427.99,https://www.liquorstore-online.com/product_images/p_229121.webp,14160
james-e-pepper-1776-straight-bourbon-750ml,James E Pepper 1776 Straight Bourbon 750ml,Bourbon,"bourbon, whiskey, straight-bourbon",James E,TRUE,53.88,https://www.liquorstore-online.com/product_images/p_186662.webp,57adad5d69702d1fada21f05
james-e-pepper-old-pepper-straight-bourbon-whiskey-750ml,James E. Pepper 'Old Pepper' Straight Bourbon Whiskey (750ml),Bourbon,"bourbon, whiskey, straight-bourbon",James E.,TRUE,89.99,https://www.liquorstore-online.com/product_images/p_262625.webp,558822
james-e-pepper-1776-barrel-proof-bourbon-15-year-limited-gold-wax-750ml,James E. Pepper 1776 Barrel Proof Bourbon 15 Year Limited Gold Wax (750ml),Bourbon,"bourbon, whiskey",James E.,TRUE,787.99,https://www.liquorstore-online.com/product_images/p_265988.webp,101409
james-e-pepper-decanter-barrel-proof-straight-bourbon-whiskey-750ml,James E. Pepper Decanter Barrel Proof Straight Bourbon Whiskey  (750ml),Bourbon,"bourbon, whiskey, straight-bourbon",James E.,TRUE,99.99,https://www.liquorstore-online.com/product_images/p_266534.webp,646359
jeffersons-marian-mclain-batch-blended-straight-bourbon-750ml,Jefferson's Marian Mclain Batch Blended Straight Bourbon 750ml,Bourbon,"bourbon, whiskey, straight-bourbon",Jefferson's,TRUE,357.99,https://www.liquorstore-online.com/product_images/p_218256.webp,639384c6709f2f12cd6a54b5
jeffersons-ocean-aged-at-sea-bourbon-750ml,Jefferson's Ocean Aged At Sea Bourbon 750ml,Bourbon,"bourbon, whiskey",Jefferson's,TRUE,108.99,https://www.liquorstore-online.com/product_images/p_177414.webp,56c28f10756275139dbe0200
jeffersons-presidential-select-25-years-old-straight-bourbon-whiskey-batch-1-750ml,Jefferson's Presidential Select 25 Years Old Straight Bourbon Whiskey Batch 1 (750ml),Bourbon,"bourbon, whiskey, straight-bourbon",Jefferson's Presidential,TRUE,1358.99,https://www.liquorstore-online.com/product_images/p_265954.webp,101390
jeffersons-reserve-bourbon-750ml,Jefferson's Reserve Bourbon 750ml,Bourbon,"bourbon, whiskey",Jefferson's,TRUE,97.98,https://www.liquorstore-online.com/product_images/p_177251.webp,56c296d9756275139d840500
jeffersons-reserve-prichard-hill-bourbon-750ml,Jefferson's Reserve Prichard Hill Bourbon 750ml,Bourbon,"bourbon, whiskey",Jefferson's,TRUE,87.98,https://www.liquorstore-online.com/product_images/p_178489.webp,58baefceebf0352603bc7fa5
jeffersons-tropics-aged-in-humidity-kentucky-straight-bourbon-750ml,Jefferson's Tropics Aged In Humidity Kentucky Straight Bourbon (750ml),Bourbon,"bourbon, whiskey, straight-bourbon",Jefferson's Tropics,TRUE,155.49,https://www.liquorstore-online.com/product_images/p_262599.webp,777222
jeffersons-very-small-batch-bourbon-750ml,Jefferson's Very Small Batch Bourbon 750ml,Bourbon,"bourbon, whiskey, small-batch",Jefferson's,TRUE,60.89,https://www.liquorstore-online.com/product_images/p_177579.webp,565bd9d869702d3f380f0000
jeffersons-very-small-batch-straight-bourbon-82.3-proof-750ml,"Jefferson's Very Small Batch Straight Bourbon 82.3 Proof"" (750ml)",Bourbon,"bourbon, whiskey, small-batch, straight-bourbon",Jefferson's Very,TRUE,70.89,https://www.liquorstore-online.com/product_images/p_261279.webp,129471
jim-beam-red-stag-black-cherry-flavored-kentucky-straight-bourbon-whiskey-750ml,Jim Beam 'Red Stag' Black Cherry Flavored Kentucky Straight Bourbon Whiskey (750ml),Bourbon,"bourbon, whiskey, straight-bourbon",Jim Beam,TRUE,42.89,https://www.liquorstore-online.com/product_images/p_261621.webp,132162
jim-beam-4-year-old-cadillac-f1-team-2026-limited-edition-white-label-kentucky-straight-bourbon-whiskey-70cl-40-abv,Jim Beam - 4 year old Cadillac F1 Team 2026 Limited Edition White Label Kentucky Straight Bourbon Whiskey 70cl 40% ABV,Bourbon,"bourbon, whiskey, straight-bourbon",Jim Beam,TRUE,126.99,https://www.liquorstore-online.com/product_images/p_259298.webp,25915
jim-beam-4-year-old-chicago-cubs-limited-edition-white-label-kentucky-straight-bourbon-whiskey-75cl-40-abv,Jim Beam - 4 year old Chicago Cubs Limited Edition White Label Kentucky Straight Bourbon Whiskey 75cl 40% ABV,Bourbon,"bourbon, whiskey, straight-bourbon",Jim Beam,TRUE,207.99,https://www.liquorstore-online.com/product_images/p_259331.webp,25859
jim-beam-4-year-old-limited-edition-u-s-soccer-2026-edition-white-label-kentucky-straight-bourbon-whiskey-75cl-40-abv,Jim Beam - 4 year old Limited Edition U.S. Soccer 2026 Edition White Label Kentucky Straight Bourbon Whiskey 75cl 40% ABV,Bourbon,"bourbon, whiskey, straight-bourbon",Jim Beam,TRUE,214.99,https://www.liquorstore-online.com/product_images/p_255411.webp,25707
jim-beam-4-year-old-white-label-kentucky-straight-bourbon-whiskey-100cl-40-abv-1-litre,Jim Beam - 4 year old White Label Kentucky Straight Bourbon Whiskey 100cl 40% ABV (1 Litre),Bourbon,"bourbon, whiskey, straight-bourbon",Jim Beam,TRUE,132.99,https://www.liquorstore-online.com/product_images/p_136526.webp,12244
jim-beam-4-year-old-white-label-kentucky-straight-bourbon-whiskey-5cl-40-abv-miniature,Jim Beam - 4 year old White Label Kentucky Straight Bourbon Whiskey 5cl 40% ABV Miniature,Bourbon,"bourbon, whiskey, straight-bourbon",Jim Beam,TRUE,99.99,https://www.liquorstore-online.com/product_images/p_230704.webp,22479
jim-beam-4-year-old-white-label-kentucky-straight-bourbon-whiskey-5cl-x-10-40-abv-10-x-5cl-miniatures,Jim Beam - 4 year old White Label Kentucky Straight Bourbon Whiskey 5cl x 10 40% ABV (10 x 5cl)- Miniatures,Bourbon,"bourbon, whiskey, straight-bourbon",Jim Beam,TRUE,136.99,https://www.liquorstore-online.com/product_images/p_230732.webp,22565
jim-beam-4-year-old-white-label-kentucky-straight-bourbon-whiskey-70cl-40-abv,Jim Beam - 4 year old White Label Kentucky Straight Bourbon Whiskey 70cl 40% ABV,Bourbon,"bourbon, whiskey, straight-bourbon",Jim Beam,TRUE,126.99,https://www.liquorstore-online.com/product_images/p_138545.webp,12339
jim-beam-6-year-old-devils-cut-kentucky-straight-bourbon-whiskey-70cl-45-abv,Jim Beam - 6 year old Devil's Cut Kentucky Straight Bourbon Whiskey 70cl 45% ABV,Bourbon,"bourbon, whiskey, straight-bourbon",Jim Beam,TRUE,175.99,https://www.liquorstore-online.com/product_images/p_136453.webp,3469
jim-beam-repeal-batch-kentucky-straight-bourbon-whiskey-75cl-43-abv0,Jim Beam - Repeal Batch Kentucky Straight Bourbon Whiskey 75cl 43% ABV0,Bourbon,"bourbon, whiskey, straight-bourbon",Jim Beam,TRUE,279.99,https://www.liquorstore-online.com/product_images/p_252822.webp,24906
jim-beam-single-barrel-kentucky-straight-bourbon-whiskey-70cl-47.5-abv,Jim Beam - Single Barrel Kentucky Straight Bourbon Whiskey 70cl 47.5% ABV,Bourbon,"bourbon, whiskey, single-barrel, straight-bourbon",Jim Beam,TRUE,179.99,https://www.liquorstore-online.com/product_images/p_136360.webp,12050
jim-beam-sunshine-blend-kentucky-straight-bourbon-whiskey-70cl-40-abv,Jim Beam - Sunshine Blend Kentucky Straight Bourbon Whiskey 70cl 40% ABV,Bourbon,"bourbon, whiskey, straight-bourbon",Jim Beam,TRUE,123.99,https://www.liquorstore-online.com/product_images/p_252821.webp,24905
jim-beam-apple-bourbon-whiskey-1l,Jim Beam Apple Bourbon Whiskey 1L,Bourbon,"bourbon, whiskey",Jim Beam,TRUE,60.89,https://www.liquorstore-online.com/product_images/p_259467.webp,56c29606756275139d380500
jim-beam-apple-bourbon-whiskey-750ml,Jim Beam Apple Bourbon Whiskey 750ml,Bourbon,"bourbon, whiskey",Jim Beam,TRUE,51.89,https://www.liquorstore-online.com/product_images/p_257323.webp,56f474b369702d7cba6c1a00
jim-beam-black-7-year-old-bourbon-whiskey-1l,Jim Beam Black 7 Year Old Bourbon Whiskey 1L,Bourbon,"bourbon, whiskey",Jim Beam,TRUE,66.89,https://www.liquorstore-online.com/product_images/p_259128.webp,660ac8bb8ce4c15564dead2e
jim-beam-black-7-year-old-bourbon-whiskey-375ml,Jim Beam Black 7 Year Old Bourbon Whiskey 375ml,Bourbon,"bourbon, whiskey",Jim Beam,TRUE,42.89,https://www.liquorstore-online.com/product_images/p_257322.webp,662fbd6aa9b649191db18c98
jim-beam-black-7-year-old-bourbon-whiskey-750ml,Jim Beam Black 7 Year Old Bourbon Whiskey 750ml,Bourbon,"bourbon, whiskey",Jim Beam,TRUE,52.89,https://www.liquorstore-online.com/product_images/p_256840.webp,660579fbdb9a9d0895218232
jim-beam-black-bourbon-whiskey-1.75l,Jim Beam Black Bourbon Whiskey 1.75L,Bourbon,"bourbon, whiskey",Jim Beam,TRUE,71.89,https://www.liquorstore-online.com/product_images/p_181550.webp,56abfabd75627525e1c60000
jim-beam-black-bourbon-whiskey-1l,Jim Beam Black Bourbon Whiskey 1L,Bourbon,"bourbon, whiskey",Jim Beam,TRUE,59.89,https://www.liquorstore-online.com/product_images/p_230893.webp,56c3370069702d27ed410100
jim-beam-black-extra-aged-bourbon-375ml,Jim Beam Black Extra Aged Bourbon 375ml,Bourbon,"bourbon, whiskey",Jim Beam,TRUE,39.89,https://www.liquorstore-online.com/product_images/p_187054.webp,5963b5e4355d093676725e8e
jim-beam-bourbon-whiskey-1.75l,Jim Beam Bourbon Whiskey 1.75L,Bourbon,"bourbon, whiskey",Jim Beam,TRUE,54.89,https://www.liquorstore-online.com/product_images/p_186490.webp,56c336ff69702d27ed3c0100
jim-beam-bourbon-whiskey-1l,Jim Beam Bourbon Whiskey 1L,Bourbon,"bourbon, whiskey",Jim Beam,TRUE,57.39,https://www.liquorstore-online.com/product_images/p_177176.webp,5521cef96561310003ff0200
jim-beam-bourbon-whiskey-375ml,Jim Beam Bourbon Whiskey 375ml,Bourbon,"bourbon, whiskey",Jim Beam,TRUE,35.89,https://www.liquorstore-online.com/product_images/p_180438.webp,5521cef96561310003000300
jim-beam-bourbon-whiskey-375ml,Jim Beam Bourbon Whiskey 375ml,Bourbon,"bourbon, whiskey",Jim Beam,TRUE,37.89,https://www.liquorstore-online.com/product_images/p_180796.png,573f9c2769702d34f5952900
jim-beam-bourbon-whiskey-750ml,Jim Beam Bourbon Whiskey 750ml,Bourbon,"bourbon, whiskey",Jim Beam,TRUE,43.89,https://www.liquorstore-online.com/product_images/p_180267.webp,56c2700875627570b0b40100
jim-beam-devils-cut-bourbon-1.75l,Jim Beam Devil's Cut Bourbon 1.75L,Bourbon,"bourbon, whiskey",Jim Beam,TRUE,72.89,https://www.liquorstore-online.com/product_images/p_183321.webp,588b97c9bfb24112995ec40b
jim-beam-devils-cut-bourbon-1l,Jim Beam Devil's Cut Bourbon 1L,Bourbon,"bourbon, whiskey",Jim Beam,TRUE,60.89,https://www.liquorstore-online.com/product_images/p_181882.webp,56c291ed756275139db70300
jim-beam-devils-cut-bourbon-375ml,Jim Beam Devil's Cut Bourbon 375ml,Bourbon,"bourbon, whiskey",Jim Beam,TRUE,38.89,https://www.liquorstore-online.com/product_images/p_181372.webp,56f4733969702d7cba311900
jim-beam-devils-cut-bourbon-500ml,Jim Beam Devil's Cut Bourbon 500ml,Bourbon,"bourbon, whiskey",Jim Beam,TRUE,47.89,https://www.liquorstore-online.com/product_images/p_257489.webp,56c3370069702d27ed400100
jim-beam-devils-cut-bourbon-750ml,Jim Beam Devil's Cut Bourbon 750ml,Bourbon,"bourbon, whiskey",Jim Beam,TRUE,53.88,https://www.liquorstore-online.com/product_images/p_181353.webp,56cab68b7562752ed5501700
jim-beam-devils-cut-kentucky-straight-bourbon-whiskey-750ml,Jim Beam Devil's Cut Kentucky Straight Bourbon Whiskey (750ml),Bourbon,"bourbon, whiskey, straight-bourbon",Jim Beam,TRUE,48.89,https://www.liquorstore-online.com/product_images/p_261656.webp,133325
jim-beam-honey-bourbon-500ml,Jim Beam Honey Bourbon 500ml,Bourbon,"bourbon, whiskey",Jim Beam,TRUE,39.89,https://www.liquorstore-online.com/product_images/p_222155.webp,56f4709369702d7cbaea1600
jim-beam-honey-bourbon-whiskey-1.75l,Jim Beam Honey Bourbon Whiskey 1.75L,Bourbon,"bourbon, whiskey",Jim Beam,TRUE,63.89,https://www.liquorstore-online.com/product_images/p_258448.webp,573a321369702d1966bd4f00
jim-beam-honey-bourbon-whiskey-1l,Jim Beam Honey Bourbon Whiskey 1L,Bourbon,"bourbon, whiskey",Jim Beam,TRUE,60.89,https://www.liquorstore-online.com/product_images/p_256796.webp,56ebb15769702d5654e93500
jim-beam-honey-bourbon-whiskey-375ml,Jim Beam Honey Bourbon Whiskey 375ml,Bourbon,"bourbon, whiskey",Jim Beam,TRUE,37.89,https://www.liquorstore-online.com/product_images/p_256861.webp,56c291f3756275139db90300
jim-beam-honey-bourbon-whiskey-750ml,Jim Beam Honey Bourbon Whiskey 750ml,Bourbon,"bourbon, whiskey",Jim Beam,TRUE,51.89,https://www.liquorstore-online.com/product_images/p_258550.webp,56cab6a07562752ed5531700
jim-beam-kentucky-fire-bourbon-500ml,Jim Beam Kentucky Fire Bourbon 500ml,Bourbon,"bourbon, whiskey",Jim Beam,TRUE,39.89,https://www.liquorstore-online.com/product_images/p_257500.webp,570d7fc269702d1ad3836600
jim-beam-kentucky-fire-bourbon-whiskey-1.75l,Jim Beam Kentucky Fire Bourbon Whiskey 1.75L,Bourbon,"bourbon, whiskey",Jim Beam,TRUE,63.89,https://www.liquorstore-online.com/product_images/p_258769.webp,588b97abbfb24112ab5e893c
jim-beam-kentucky-fire-bourbon-whiskey-1l,Jim Beam Kentucky Fire Bourbon Whiskey 1L,Bourbon,"bourbon, whiskey",Jim Beam,TRUE,60.89,https://www.liquorstore-online.com/product_images/p_258479.webp,56f5fec369702d7ba6b71600
jim-beam-kentucky-fire-bourbon-whiskey-375ml,Jim Beam Kentucky Fire Bourbon Whiskey 375ml,Bourbon,"bourbon, whiskey",Jim Beam,TRUE,37.89,https://www.liquorstore-online.com/product_images/p_256434.webp,56ebb40a69702d56549c3900
jim-beam-kentucky-fire-bourbon-whiskey-750ml,Jim Beam Kentucky Fire Bourbon Whiskey 750ml,Bourbon,"bourbon, whiskey",Jim Beam,TRUE,51.89,https://www.liquorstore-online.com/product_images/p_255589.webp,56c28fcb756275139dfc0200
jim-beam-peach-bourbon-500ml,Jim Beam Peach Bourbon 500ml,Bourbon,"bourbon, whiskey",Jim Beam,TRUE,39.89,https://www.liquorstore-online.com/product_images/p_257421.webp,5cad23f55e986a61828d2c6a
jim-beam-peach-bourbon-whiskey-1.75l,Jim Beam Peach Bourbon Whiskey 1.75L,Bourbon,"bourbon, whiskey",Jim Beam,TRUE,62.89,https://www.liquorstore-online.com/product_images/p_181895.webp,5cd486c5b7cf476fed384998
jim-beam-peach-bourbon-whiskey-1l,Jim Beam Peach Bourbon Whiskey 1L,Bourbon,"bourbon, whiskey",Jim Beam,TRUE,60.89,https://www.liquorstore-online.com/product_images/p_259144.webp,5cd35f8f5e986a139be08e67
jim-beam-peach-bourbon-whiskey-750ml,Jim Beam Peach Bourbon Whiskey 750ml,Bourbon,"bourbon, whiskey",Jim Beam,TRUE,48.89,https://www.liquorstore-online.com/product_images/p_188340.webp,5cad23f6b7cf4742987fee0e
jim-beam-pineapple-bourbon-1l,Jim Beam Pineapple Bourbon 1L,Bourbon,"bourbon, whiskey",Jim Beam,TRUE,56.89,https://www.liquorstore-online.com/product_images/p_256205.webp,67a39b19b20718794de0178a
jim-beam-pineapple-bourbon-500ml,Jim Beam Pineapple Bourbon 500ml,Bourbon,"bourbon, whiskey",Jim Beam,TRUE,39.89,https://www.liquorstore-online.com/product_images/p_257258.webp,67a2613561841d25fa9a85e3
jim-beam-pineapple-bourbon-whiskey-750ml,Jim Beam Pineapple Bourbon Whiskey 750ml,Bourbon,"bourbon, whiskey",Jim Beam,TRUE,51.89,https://www.liquorstore-online.com/product_images/p_258156.webp,678952de65a112183cf04edf
jim-beam-red-stag-black-cherry-bourbon-whiskey-1.75l,Jim Beam Red Stag Black Cherry Bourbon Whiskey 1.75L,Bourbon,"bourbon, whiskey",Jim Beam,TRUE,63.89,https://www.liquorstore-online.com/product_images/p_257809.webp,57cd7aaa69702d7af7aa1000
jim-beam-red-stag-black-cherry-bourbon-whiskey-1l,Jim Beam Red Stag Black Cherry Bourbon Whiskey 1L,Bourbon,"bourbon, whiskey",Jim Beam,TRUE,60.89,https://www.liquorstore-online.com/product_images/p_256828.webp,56c291f0756275139db80300
jim-beam-red-stag-black-cherry-bourbon-whiskey-500ml,Jim Beam Red Stag Black Cherry Bourbon Whiskey 500ml,Bourbon,"bourbon, whiskey",Jim Beam,TRUE,39.89,https://www.liquorstore-online.com/product_images/p_258421.webp,56ebac2169702d5654b52f00
jim-beam-red-stag-black-cherry-bourbon-whiskey-750ml,Jim Beam Red Stag Black Cherry Bourbon Whiskey 750ml,Bourbon,"bourbon, whiskey",Jim Beam,TRUE,47.89,https://www.liquorstore-online.com/product_images/p_183336.webp,56cab6ba7562752ed5571700
jim-beam-single-barrel-bourbon-whiskey-750ml,Jim Beam Single Barrel Bourbon Whiskey 750ml,Bourbon,"bourbon, whiskey, single-barrel",Jim Beam,TRUE,63.88,https://www.liquorstore-online.com/product_images/p_186670.webp,6272a15c9b613e41a78129bc
jim-beam-vanilla-bourbon-whiskey-1.75l,Jim Beam Vanilla Bourbon Whiskey 1.75L,Bourbon,"bourbon, whiskey",Jim Beam,TRUE,63.89,https://www.liquorstore-online.com/product_images/p_257129.webp,5967410412f2fb071587ea98
jim-beam-vanilla-bourbon-whiskey-500ml,Jim Beam Vanilla Bourbon Whiskey 500ml,Bourbon,"bourbon, whiskey",Jim Beam,TRUE,39.89,https://www.liquorstore-online.com/product_images/p_256181.webp,5995da80356551215755d80f
jim-beam-vanilla-bourbon-whiskey-750ml,Jim Beam Vanilla Bourbon Whiskey 750ml,Bourbon,"bourbon, whiskey",Jim Beam,TRUE,47.88,https://www.liquorstore-online.com/product_images/p_183341.webp,59231e14a45b4d0160ea7a4c
jim-beam-white-label-bourbon-200ml,Jim Beam White Label Bourbon 200ml,Bourbon,"bourbon, whiskey",Jim Beam,TRUE,30.89,https://www.liquorstore-online.com/product_images/p_180364.webp,56c336ff69702d27ed3e0100
jim-beam-white-label-bourbon-500ml,Jim Beam White Label Bourbon 500ml,Bourbon,"bourbon, whiskey",Jim Beam,TRUE,39.89,https://www.liquorstore-online.com/product_images/p_260310.webp,56c3370069702d27ed3f0100
john-e-fitzgerald-very-special-reserve-20-year-old-straight-bourbon-whiskey-375ml,John E. Fitzgerald Very Special Reserve 20 Year Old Straight Bourbon Whiskey (375ml),Bourbon,"bourbon, whiskey, straight-bourbon",John E.,TRUE,2903.99,https://www.liquorstore-online.com/product_images/p_265990.webp,101410
johnnie-walker-black-bourbon-cask-750ml,Johnnie Walker Black Bourbon Cask 750ml,Bourbon,"bourbon, whiskey",Johnnie Walker,TRUE,58.89,https://www.liquorstore-online.com/product_images/p_253003.webp,6973a2bc5cd4bb52926c815c
johnny-drum-4-year-old-black-label-sour-mash-bourbon-whiskey-70cl-43-abv,Johnny Drum - 4 year old Black Label Sour Mash Bourbon Whiskey 70cl 43% ABV,Bourbon,"bourbon, whiskey",Johnny Drum,TRUE,136.99,https://www.liquorstore-online.com/product_images/p_136273.webp,3314
johnny-drum-4-year-old-green-label-sour-mash-bourbon-whiskey-70cl-40-abv,Johnny Drum - 4 year old Green Label Sour Mash Bourbon Whiskey 70cl 40% ABV,Bourbon,"bourbon, whiskey",Johnny Drum,TRUE,139.99,https://www.liquorstore-online.com/product_images/p_219782.webp,3481
johnny-drum-bourbon-101-proof-750ml,Johnny Drum Bourbon 101 Proof (750ml),Bourbon,"bourbon, whiskey",Johnny Drum,TRUE,64.89,https://www.liquorstore-online.com/product_images/p_261605.webp,131819
joseph-magnus-cigar-blend-straight-bourbon-750ml,Joseph Magnus Cigar Blend Straight Bourbon (750ml),Bourbon,"bourbon, whiskey, straight-bourbon",Joseph Magnus,TRUE,195.49,https://www.liquorstore-online.com/product_images/p_262591.webp,2573453246
joseph-magnus-cigar-blend-straight-bourbon-750ml,Joseph Magnus Cigar Blend Straight Bourbon 750ml,Bourbon,"bourbon, whiskey, straight-bourbon",Joseph Magnus,TRUE,238.99,https://www.liquorstore-online.com/product_images/p_188213.webp,5a51183e0abe0a479faf6741
joseph-magnus-murray-hill-club-bourbon-750ml,Joseph Magnus Murray Hill Club Bourbon 750ml,Bourbon,"bourbon, whiskey",Joseph Magnus,TRUE,155.49,https://www.liquorstore-online.com/product_images/p_177971.webp,58585ed839e21c3fb6d12977
joseph-magnus-triple-cask-finish-straight-bourbon-whiskey-750ml,Joseph Magnus Triple Cask Finish Straight Bourbon Whiskey 750ml,Bourbon,"bourbon, whiskey, straight-bourbon",Joseph Magnus,TRUE,128.98,https://www.liquorstore-online.com/product_images/p_188902.webp,58585bbc39e21c3fb6d12741
kavalan-bourbon-oak-matured-single-malt-taiwanese-whisky-70cl-46-abv,Kavalan - Bourbon Oak Matured Single Malt Taiwanese Whisky 70cl 46% ABV,Bourbon,"bourbon, whiskey, single-malt",Kavalan,TRUE,260.99,https://www.liquorstore-online.com/product_images/p_134976.webp,7071
kavalan-solist-bourbon-single-cask-051a-whisky-70cl-57.8-abv,Kavalan - Solist Bourbon Single Cask #051A Whisky 70cl 57.8% ABV,Bourbon,"bourbon, whiskey",Kavalan,TRUE,691.99,https://www.liquorstore-online.com/product_images/p_253142.webp,6309
kavalan-solist-bourbon-single-cask-062a-whisky-70cl-54-abv,Kavalan - Solist Bourbon Single Cask #062A Whisky 70cl 54% ABV,Bourbon,"bourbon, whiskey",Kavalan,TRUE,324.99,https://www.liquorstore-online.com/product_images/p_227776.webp,21412
keepers-heart-irish-bourbon-blend-750ml,Keeper's Heart Irish & Bourbon Blend 750ml,Bourbon,"bourbon, whiskey",Keeper's Heart,TRUE,62.83,https://www.liquorstore-online.com/product_images/p_229744.webp,624efc9eda882f0275ee3f9d
keepers-heart-irish-bourbon-cask-strength-750ml,Keeper's Heart Irish + Bourbon Cask Strength 750ml,Bourbon,"bourbon, whiskey",Keeper's Heart,TRUE,72.88,https://www.liquorstore-online.com/product_images/p_226982.webp,64c1799da9f4cb0df8d5ae04
kentucke-county-6-years-old-bourbon-750ml,Kentucke County 6 Years Old Bourbon 750ml,Bourbon,"bourbon, whiskey",Kentucke County,TRUE,62.89,https://www.liquorstore-online.com/product_images/p_259999.webp,69eba1b22f8d990001d989cb
kentucky-10-cask-strength-wheated-bourbon-750ml,Kentucky 10 Cask Strength Wheated Bourbon (750ml),Bourbon,"bourbon, whiskey",Kentucky 10,TRUE,64.89,https://www.liquorstore-online.com/product_images/p_264088.webp,371218
kentucky-10-sherry-stave-finished-bourbon-750ml,Kentucky 10 Sherry Stave Finished Bourbon (750ml),Bourbon,"bourbon, whiskey",Kentucky 10,TRUE,64.89,https://www.liquorstore-online.com/product_images/p_264089.webp,371219
kentucky-owl-batch-10-kentucky-straight-bourbon-whiskey-70cl-60.1-abv,Kentucky Owl - Batch #10 Kentucky Straight Bourbon Whiskey 70cl 60.1% ABV,Bourbon,"bourbon, whiskey, straight-bourbon",Kentucky Owl,TRUE,652.99,https://www.liquorstore-online.com/product_images/p_166868.webp,13941
kentucky-owl-batch-11-kentucky-straight-bourbon-whiskey-70cl-59.4-abv,Kentucky Owl - Batch #11 Kentucky Straight Bourbon Whiskey 70cl 59.4% ABV,Bourbon,"bourbon, whiskey, straight-bourbon",Kentucky Owl,TRUE,522.99,https://www.liquorstore-online.com/product_images/p_166680.webp,16090
kentucky-owl-batch-12-kentucky-straight-bourbon-whiskey-70cl-57.9-abv,Kentucky Owl - Batch #12 Kentucky Straight Bourbon Whiskey 70cl 57.9% ABV,Bourbon,"bourbon, whiskey, straight-bourbon",Kentucky Owl,TRUE,633.99,https://www.liquorstore-online.com/product_images/p_188697.webp,18206
kentucky-owl-batch-8-kentucky-straight-bourbon-whiskey-70cl-60.5-abv,Kentucky Owl - Batch #8 Kentucky Straight Bourbon Whiskey 70cl 60.5% ABV,Bourbon,"bourbon, whiskey, straight-bourbon",Kentucky Owl,TRUE,1050.99,https://www.liquorstore-online.com/product_images/p_212060.webp,13447
kentucky-owl-batch-9-kentucky-straight-bourbon-whiskey-70cl-63.8-abv,Kentucky Owl - Batch #9 Kentucky Straight Bourbon Whiskey 70cl 63.8% ABV,Bourbon,"bourbon, whiskey, straight-bourbon",Kentucky Owl,TRUE,1050.99,https://www.liquorstore-online.com/product_images/p_253120.webp,13448
kentucky-owl-st-patricks-day-2022-limited-edition-kentucky-straight-bourbon-whiskey-70cl-50-abv,Kentucky Owl - St Patricks Day 2022 Limited Edition Kentucky Straight Bourbon Whiskey 70cl 50% ABV,Bourbon,"bourbon, whiskey, straight-bourbon",Kentucky Owl,TRUE,291.99,https://www.liquorstore-online.com/product_images/p_167060.webp,15503
kentucky-owl-takumi-limited-edition-kentucky-straight-bourbon-whiskey-70cl-50-abv,Kentucky Owl - Takumi Limited Edition Kentucky Straight Bourbon Whiskey 70cl 50% ABV,Bourbon,"bourbon, whiskey, straight-bourbon",Kentucky Owl,TRUE,286.99,https://www.liquorstore-online.com/product_images/p_188696.webp,18205
kentucky-owl-the-wiseman-kentucky-straight-bourbon-whiskey-70cl-45.4-abv,Kentucky Owl - The Wiseman Kentucky Straight Bourbon Whiskey 70cl 45.4% ABV,Bourbon,"bourbon, whiskey, straight-bourbon",Kentucky Owl,TRUE,200.99,https://www.liquorstore-online.com/product_images/p_187920.webp,15682
kentucky-owl-bourbon-batch-10-750ml,Kentucky Owl Bourbon Batch 10 (750ml),Bourbon,"bourbon, whiskey",Kentucky Owl,TRUE,318.49,https://www.liquorstore-online.com/product_images/p_262033.webp,166294
kentucky-owl-bourbon-batch-2-750ml,Kentucky Owl Bourbon Batch 2 (750ml),Bourbon,"bourbon, whiskey",Kentucky Owl,TRUE,1758.99,https://www.liquorstore-online.com/product_images/p_266049.webp,101434
kentucky-owl-bourbon-batch-9-750ml,Kentucky Owl Bourbon Batch 9 (750ml),Bourbon,"bourbon, whiskey",Kentucky Owl,TRUE,507.99,https://www.liquorstore-online.com/product_images/p_266048.webp,101432
kentucky-owl-confiscated-bourbon-750ml,Kentucky Owl Confiscated Bourbon 750ml,Bourbon,"bourbon, whiskey",Kentucky Owl,TRUE,188.49,https://www.liquorstore-online.com/product_images/p_177129.webp,5c9a771e5e986a472a9b75da
kentucky-owl-takumi-edition-bourbon-750ml,Kentucky Owl Takumi Edition Bourbon 750ml,Bourbon,"bourbon, whiskey",Kentucky Owl,TRUE,188.49,https://www.liquorstore-online.com/product_images/p_184389.png,62aa1c1abf32af2194ba2472
kentucky-owl-wiseman-straight-bourbon-750ml,Kentucky Owl Wiseman Straight Bourbon 750ml,Bourbon,"bourbon, whiskey, straight-bourbon",Kentucky Owl,TRUE,84.99,https://www.liquorstore-online.com/product_images/p_178643.webp,612658d0131755228bf36009
kentucky-vintage-bourbon-750ml,Kentucky Vintage Bourbon 750ml,Bourbon,"bourbon, whiskey",Willett Distillery,TRUE,61.89,https://www.liquorstore-online.com/product_images/p_177267.webp,565c434c69702d7ee6080000
kilkerran-8-year-old-cask-strength-2017-release-bourbon-cask-matured-single-malt-scotch-whisky-70cl-55.7-abv,Kilkerran - 8 year old Cask Strength 2017 Release Bourbon Cask Matured Single Malt Scotch Whisky 70cl 55.7% ABV,Bourbon,"bourbon, whiskey, single-malt",Kilkerran,TRUE,691.99,https://www.liquorstore-online.com/product_images/p_229371.webp,8589
kilkerran-8-year-old-cask-strength-2018-release-bourbon-cask-matured-single-malt-scotch-whisky-70cl-56.5-abv,Kilkerran - 8 year old Cask Strength 2018 Release Bourbon Cask Matured Single Malt Scotch Whisky 70cl 56.5% ABV,Bourbon,"bourbon, whiskey, single-malt",Kilkerran,TRUE,691.99,https://www.liquorstore-online.com/product_images/p_222277.webp,9728
kilkerran-8-year-old-cask-strength-2025-release-bourbon-cask-matured-single-malt-scotch-whisky-70cl-55.6-abv,Kilkerran - 8 year old Cask Strength 2025 Release Bourbon Cask Matured Single Malt Scotch Whisky 70cl 55.6% ABV,Bourbon,"bourbon, whiskey, single-malt",Kilkerran,TRUE,201.99,https://www.liquorstore-online.com/product_images/p_252894.webp,22513
kilkerran-8-year-old-cask-strength-2026-release-bourbon-cask-matured-single-malt-scotch-whisky-70cl-57.7-abv0,Kilkerran - 8 year old Cask Strength 2026 Release Bourbon Cask Matured Single Malt Scotch Whisky 70cl 57.7% ABV0,Bourbon,"bourbon, whiskey, single-malt",Kilkerran,TRUE,201.99,https://www.liquorstore-online.com/product_images/p_252871.webp,24781
kilkerran-work-in-progress-6-bourbon-wood-single-malt-scotch-whisky-70cl-46-abv,Kilkerran - Work In Progress 6 - Bourbon Wood Single Malt Scotch Whisky 70cl 46% ABV,Bourbon,"bourbon, whiskey, single-malt",Kilkerran,TRUE,691.99,https://www.liquorstore-online.com/product_images/p_179828.webp,16693
kilkerran-8yr-bourbon-cask-strength-700ml,Kilkerran 8yr Bourbon Cask Strength 700ml,Bourbon,"bourbon, whiskey",Kilkerran,TRUE,234.99,https://www.liquorstore-online.com/product_images/p_252384.webp,681e880188cef82658355791
kings-county-blended-bourbon-750ml,Kings County Blended Bourbon 750ml,Bourbon,"bourbon, whiskey",Kings County Distillery,TRUE,65.89,https://www.liquorstore-online.com/product_images/p_228730.webp,63237b77431fb3309b3b5641
kings-county-distillery-blended-bourbon-whiskey-200ml,Kings County Distillery Blended Bourbon Whiskey 200ml,Bourbon,"bourbon, whiskey",Kings County Distillery,TRUE,45.89,https://www.liquorstore-online.com/product_images/p_259859.webp,63ee8e1aab125c046620ebce
kings-county-distillery-straight-bourbon-375ml,Kings County Distillery Straight Bourbon 375ml,Bourbon,"bourbon, whiskey, straight-bourbon",Kings County,TRUE,64.88,https://www.liquorstore-online.com/product_images/p_202047.webp,595fd0561b34644c3a120a26
kings-county-distillery-straight-bourbon-whiskey-200ml,Kings County Distillery Straight Bourbon Whiskey 200ml,Bourbon,"bourbon, whiskey, straight-bourbon",Kings County,TRUE,45.89,https://www.liquorstore-online.com/product_images/p_185123.webp,5a7f66dbb28e1164bbdd52f2
kings-county-peated-bourbon-750ml,Kings County Peated Bourbon 750ml,Bourbon,"bourbon, whiskey",Kings County,TRUE,103.98,https://www.liquorstore-online.com/product_images/p_220040.webp,5d13ed598e1ad166d8c41295
kings-county-straight-bourbon-whiskey-750ml,Kings County Straight Bourbon Whiskey 750ml,Bourbon,"bourbon, whiskey, straight-bourbon",Kings County,TRUE,103.98,https://www.liquorstore-online.com/product_images/p_181387.webp,5d003418ecf2185f13c3d007
knob-creek-9-year-old-small-batch-kentucky-straight-bourbon-whiskey-70cl-50-abv,Knob Creek - 9 year old Small Batch Kentucky Straight Bourbon Whiskey 70cl 50% ABV,Bourbon,"bourbon, whiskey, small-batch, straight-bourbon",Knob Creek,TRUE,179.99,https://www.liquorstore-online.com/product_images/p_166179.webp,13622
knob-creek-12-year-bourbon-whiskey-750ml,Knob Creek 12 Year Bourbon Whiskey 750ml,Bourbon,"bourbon, whiskey",Knob Creek,TRUE,107.99,https://www.liquorstore-online.com/product_images/p_255598.webp,5d8d2be1b74197117fb4342c
knob-creek-12-year-old-straight-bourbon-whiskey-750ml,Knob Creek 12 Year Old Straight Bourbon Whiskey (750ml),Bourbon,"bourbon, whiskey, straight-bourbon",Knob Creek,TRUE,113.99,https://www.liquorstore-online.com/product_images/p_262404.webp,186577
knob-creek-12-year-old-straight-bourbon-whisky-750ml,Knob Creek 12 Year Old Straight Bourbon Whisky 750ml,Bourbon,"bourbon, whiskey, straight-bourbon",Knob Creek,TRUE,95.99,https://www.liquorstore-online.com/product_images/p_177303.webp,5fca58aa08a7a5261c6e0cf2
knob-creek-21-year-bourbon-whiskey-100pf-750ml,Knob Creek 21 Year Bourbon Whiskey 100PF 750ml,Bourbon,"bourbon, whiskey",Knob Creek,TRUE,357.99,https://www.liquorstore-online.com/product_images/p_250817.webp,68d3fc370d2461252911674d
knob-creek-9-year-single-barrel-reserve-bourbon-120-proof-750ml,Knob Creek 9-year Single Barrel Reserve Bourbon 120 proof  (750ml),Bourbon,"bourbon, whiskey, single-barrel",Knob Creek,TRUE,99.99,https://www.liquorstore-online.com/product_images/p_262346.webp,184381
knob-creek-bourbon-375ml,Knob Creek Bourbon (375ml),Bourbon,"bourbon, whiskey",Knob Creek,TRUE,46.89,https://www.liquorstore-online.com/product_images/p_261516.webp,131117
knob-creek-bourbon-whiskey-1.75l,Knob Creek Bourbon Whiskey 1.75L,Bourbon,"bourbon, whiskey",Knob Creek,TRUE,108.99,https://www.liquorstore-online.com/product_images/p_230991.webp,5fda8b7586ea097432ea9993
knob-creek-bourbon-whiskey-1l,Knob Creek Bourbon Whiskey 1L,Bourbon,"bourbon, whiskey",Knob Creek,TRUE,86.99,https://www.liquorstore-online.com/product_images/p_220027.webp,61435b77e48d4f76a5368ebc
knob-creek-bourbon-whiskey-375ml,Knob Creek Bourbon Whiskey 375ml,Bourbon,"bourbon, whiskey",Knob Creek,TRUE,49.89,https://www.liquorstore-online.com/product_images/p_186999.webp,618ece63528d85156e6cd8cc
knob-creek-bourbon-whiskey-750ml,Knob Creek Bourbon Whiskey 750ml,Bourbon,"bourbon, whiskey",Knob Creek,TRUE,62.89,https://www.liquorstore-online.com/product_images/p_177125.webp,5fa045d2d5c23760a000e715
knob-creek-bourbon-x-rye-750ml,Knob Creek Bourbon X Rye 750ml,Bourbon,"bourbon, whiskey, rye",Knob Creek,TRUE,67.89,https://www.liquorstore-online.com/product_images/p_255376.webp,6660f816a9eb662c718f6bc0
knob-creek-single-barrel-reserve-bourbon-whiskey-750ml,Knob Creek Single Barrel Reserve Bourbon Whiskey 750ml,Bourbon,"bourbon, whiskey, single-barrel",Knob Creek,TRUE,89.98,https://www.liquorstore-online.com/product_images/p_187045.webp,6248a49948c6ee5140349049
knob-creek-small-batch-9-year-independence-edition-bourbon-750ml,Knob Creek Small Batch 9-Year Independence Edition Bourbon (750ml),Bourbon,"bourbon, whiskey, small-batch",Knob Creek,TRUE,59.89,https://www.liquorstore-online.com/product_images/p_267740.webp,656281
knob-creek-smoked-maple-bourbon-750ml,Knob Creek Smoked Maple Bourbon 750ml,Bourbon,"bourbon, whiskey",Knob Creek,TRUE,68.89,https://www.liquorstore-online.com/product_images/p_181693.webp,56c26c8075627570b09c0000
knob-creek-smoked-maple-bourbon-whiskey-750ml,Knob Creek Smoked Maple Bourbon Whiskey 750ml,Bourbon,"bourbon, whiskey",Knob Creek,TRUE,60.88,https://www.liquorstore-online.com/product_images/p_185426.webp,5fadd566a0a28472b40d75aa
ko-bare-knuckle-6-year-hi-rye-bourbon-single-barrel-750ml,KO Bare Knuckle 6-year Hi-Rye Bourbon Single Barrel (750ml),Bourbon,"bourbon, whiskey, single-barrel, rye",KO Bare,TRUE,64.89,https://www.liquorstore-online.com/product_images/p_263964.webp,371063
ko-distillers-reserve-bourbon-bottled-in-bond-750ml,KO Distiller's Reserve Bourbon Bottled-in-Bond (750ml),Bourbon,"bourbon, whiskey",KO Distiller's,TRUE,74.89,https://www.liquorstore-online.com/product_images/p_262260.webp,181370
koval-single-barrel-bourbon-750ml,Koval Single Barrel Bourbon 750ml,Bourbon,"bourbon, whiskey, single-barrel",KOVAL Single,TRUE,69.88,https://www.liquorstore-online.com/product_images/p_188464.webp,643f1261d685502b5735c028
koval-single-barrel-rye-whiskey-750ml,Koval Single Barrel Rye Whiskey 750ml,Bourbon,"bourbon, whiskey, single-barrel, rye",KOVAL Single,TRUE,68.88,https://www.liquorstore-online.com/product_images/p_181098.png,6272a15cf20836112cdb9e1a
lagavulin-11-years-old-sweet-peat-aged-in-bourbon-casks-750ml,Lagavulin 11 Years Old Sweet Peat Aged In Bourbon Casks 750ml,Bourbon,"bourbon, whiskey",Lagavulin,TRUE,100.99,https://www.liquorstore-online.com/product_images/p_252861.webp,69194527969ba546aef056ee
laphroaig-15-year-old-glaschu-bourbon-cask-matured-single-malt-scotch-2008-whisky-70cl-50-abv0,Laphroaig - 15 year old Glaschu Bourbon Cask Matured Single Malt Scotch 2008 Whisky 70cl 50% ABV0,Bourbon,"bourbon, whiskey, single-malt",Laphroaig,TRUE,324.99,https://www.liquorstore-online.com/product_images/p_253198.webp,25039
larceny-kentucky-straight-very-small-batch-bourbon-whiskey-750ml,Larceny Kentucky Straight Very Small Batch Bourbon Whiskey (750ml),Bourbon,"bourbon, whiskey, small-batch, straight-bourbon",Larceny Kentucky,TRUE,54.89,https://www.liquorstore-online.com/product_images/p_261964.webp,158764
larceny-small-batch-bourbon-750ml,Larceny Small Batch Bourbon 750ml,Bourbon,"bourbon, whiskey, small-batch",Larceny,TRUE,56.88,https://www.liquorstore-online.com/product_images/p_180405.webp,5521cef465613100039e0100
layer-cake-bourbon-barrel-aged-cabernet-sauvignon-750ml,Layer Cake Bourbon Barrel Aged Cabernet Sauvignon 750ml,Bourbon,"bourbon, whiskey",Layer Cake,TRUE,53.89,https://www.liquorstore-online.com/product_images/p_258698.webp,5b5ca2be8f58765f382d28a4
ledaig-15-year-old-integrity-malts-single-bourbon-cask-306749-2011-whisky-70cl-55.0-abv,Ledaig - 15 year old Integrity Malts Single Bourbon Cask #306749 2011 Whisky 70cl 55.0% ABV,Bourbon,"bourbon, whiskey",Ledaig,TRUE,260.99,https://www.liquorstore-online.com/product_images/p_259881.webp,26188
legent-kentucky-straight-bourbon-whisky-70cl-47-abv,Legent - Kentucky Straight Bourbon Whisky 70cl 47% ABV,Bourbon,"bourbon, whiskey, straight-bourbon",Legent,TRUE,188.99,https://www.liquorstore-online.com/product_images/p_259882.webp,26194
legent-yamazaki-cask-finish-bourbon-750ml,Legent - Yamazaki Cask Finish Bourbon (750ml),Bourbon,"bourbon, whiskey",Legent,TRUE,318.49,https://www.liquorstore-online.com/product_images/p_263116.webp,15000112
legent-bourbon-whiskey-750ml,Legent Bourbon Whiskey 750ml,Bourbon,"bourbon, whiskey",Legent,TRUE,67.88,https://www.liquorstore-online.com/product_images/p_176894.webp,5c7f00b13ec0d4659f606a9b
legent-kentucky-straight-bourbon-whiskey-750ml,Legent Kentucky Straight Bourbon Whiskey (750ml),Bourbon,"bourbon, whiskey, straight-bourbon",Legent Kentucky,TRUE,64.89,https://www.liquorstore-online.com/product_images/p_262028.webp,165438
legent-yamazaki-cask-finish-blend-kentucky-straight-bourbon-whiskey-750ml,Legent Yamazaki Cask Finish Blend Kentucky Straight Bourbon Whiskey 750ml,Bourbon,"bourbon, whiskey, straight-bourbon",Yamazaki,TRUE,275.49,https://www.liquorstore-online.com/product_images/p_210171.webp,5c0afbf204c84b65b231a993
leipers-fork-4-year-old-bottled-in-bond-bourbon-whiskey-70cl-50-abv,Leiper’s Fork - 4 year old Bottled In Bond Bourbon Whiskey 70cl 50% ABV,Bourbon,"bourbon, whiskey",Leiper’s Fork,TRUE,220.99,https://www.liquorstore-online.com/product_images/p_212948.jpg,18593
lindores-the-casks-of-lindores-1st-edition-bourbon-cask-lowland-single-malt-scotch-whisky-70cl-49.4-abv,Lindores - The Casks Of Lindores - 1st Edition Bourbon Cask Lowland Single Malt Scotch Whisky 70cl 49.4% ABV,Bourbon,"bourbon, whiskey, single-malt",Lindores,TRUE,201.99,https://www.liquorstore-online.com/product_images/p_165939.webp,14777
lindores-the-casks-of-lindores-ii-bourbon-cask-lowland-single-malt-scotch-whisky-70cl-49.4-abv,Lindores - The Casks Of Lindores II - Bourbon Cask Lowland Single Malt Scotch Whisky 70cl 49.4% ABV,Bourbon,"bourbon, whiskey, single-malt",Lindores,TRUE,201.99,https://www.liquorstore-online.com/product_images/p_211865.webp,17990
linkwood-9-year-old-carn-mor-strictly-limited-bourbon-cask-finish-single-malt-scotch-2011-whisky-70cl-47.5-abv,Linkwood - 9 year old Carn Mor Strictly Limited Bourbon Cask Finish Single Malt Scotch 2011 Whisky 70cl 47.5% ABV,Bourbon,"bourbon, whiskey, single-malt",Linkwood,TRUE,188.99,https://www.liquorstore-online.com/product_images/p_166542.webp,14395
litchfield-distillery-6yr-double-barreled-bourbon-750ml,Litchfield Distillery 6yr Double Barreled Bourbon 750ml,Bourbon,"bourbon, whiskey",Litchfield Distillery,TRUE,93.99,https://www.liquorstore-online.com/product_images/p_188198.webp,5f479924a3f3de1b70a0f86c
litchfield-distillery-batchers-bourbon-750ml,Litchfield Distillery Batchers Bourbon 750ml,Bourbon,"bourbon, whiskey",Litchfield Distillery,TRUE,74.88,https://www.liquorstore-online.com/product_images/p_177817.webp,592c5b1a5b7cef4f06a76f06
litchfield-distillery-bourbon-cask-strength-straight-batchers3-year-cask-750ml,Litchfield Distillery Bourbon Cask Strength Straight Batchers'3 Year Cask 750ml,Bourbon,"bourbon, whiskey, straight-bourbon",Litchfield Distillery,TRUE,93.98,https://www.liquorstore-online.com/product_images/p_177779.webp,5bb4266acf0c7b431d3d605a
litchfield-distillery-bourbon-coffee-batchers-750ml,Litchfield Distillery Bourbon Coffee Batchers 750ml,Bourbon,"bourbon, whiskey",Litchfield Distillery,TRUE,84.99,https://www.liquorstore-online.com/product_images/p_186412.webp,59f8e8d469077b7aa03737b3
litchfield-maple-bourbon-750ml,Litchfield Maple Bourbon 750ml,Bourbon,"bourbon, whiskey",Litchfield Maple,TRUE,74.88,https://www.liquorstore-online.com/product_images/p_180754.webp,5bb4266ab77cb37d09a1feac
loch-lomond-27-year-old-old-rhosdhu-coopers-choice-single-bourbon-cask-222-1994-whisky-70cl-47-abv,"Loch Lomond - 27 year old Old Rhosdhu"" - Cooper's Choice - Single Bourbon Cask #222 1994 Whisky 70cl 47% ABV""",Bourbon,"bourbon, whiskey",Loch Lomond,TRUE,691.99,https://www.liquorstore-online.com/product_images/p_139493.webp,13296
loch-lomond-croftengea-murray-mcdavid-cask-craft-bourbon-finish-single-malt-scotch-whisky-70cl-44.5-abv0,Loch Lomond - Croftengea - Murray McDavid Cask Craft - Bourbon Finish Single Malt Scotch Whisky 70cl 44.5% ABV0,Bourbon,"bourbon, whiskey, single-malt",Loch Lomond,TRUE,136.99,https://www.liquorstore-online.com/product_images/p_252500.webp,24578
log-still-americas-47-bourbon-750ml,Log Still America's 47 Bourbon 750ml,Bourbon,"bourbon, whiskey",Monk's Road,TRUE,74.89,https://www.liquorstore-online.com/product_images/p_252890.webp,67ec1c36acc14c3726cd2add
ludlow-5-year-old-distillers-cut-cask-edition-no-4-ex-bourbon-single-malt-english-whisky-70cl-42-abv,Ludlow - 5 year old Distiller's Cut Cask Edition No. 4 - Ex-Bourbon Single Malt English Whisky 70cl 42% ABV,Bourbon,"bourbon, whiskey, single-malt",Ludlow,TRUE,247.99,https://www.liquorstore-online.com/product_images/p_185101.webp,17085
mad-river-burnt-rock-bourbon-750ml,Mad River Burnt Rock Bourbon 750ml,Bourbon,"bourbon, whiskey",Mad River,TRUE,94.99,https://www.liquorstore-online.com/product_images/p_255661.webp,5d4349afec27b55df43ff780
mad-river-distillers-bourbon-750ml,Mad River Distillers Bourbon 750ml,Bourbon,"bourbon, whiskey",Mad River,TRUE,68.88,https://www.liquorstore-online.com/product_images/p_178208.webp,5a7ca6d3b28e11647e1cea2b
mad-river-double-tapped-maple-bourbon-750ml,Mad River Double Tapped Maple Bourbon 750ml,Bourbon,"bourbon, whiskey",Bourbon,TRUE,73.89,https://www.liquorstore-online.com/product_images/p_256397.webp,67ede45d6a536f0a1498ea81
makers-46-bourbon-whisky-375ml,Maker's 46 Bourbon Whisky 375ml,Bourbon,"bourbon, whiskey",Maker's Mark,TRUE,49.89,https://www.liquorstore-online.com/product_images/p_181664.webp,61952cb273ec4e49d508d8fb
makers-46-bourbon-whisky-750ml,Maker's 46 Bourbon Whisky 750ml,Bourbon,"bourbon, whiskey",Maker's Mark,TRUE,68.89,https://www.liquorstore-online.com/product_images/p_177646.webp,5521cef46561310003b70100
makers-46-cask-strength-bourbon-whisky-750ml,Maker's 46 Cask Strength Bourbon Whisky 750ml,Bourbon,"bourbon, whiskey",Maker's Mark,TRUE,108.99,https://www.liquorstore-online.com/product_images/p_260192.webp,5ee159f8009677244b1a8329
makers-mark-the-stewards-release-wood-finishing-series-straight-bourbon-750ml,Maker's Mark 'The Stewards Release' Wood Finishing Series Straight Bourbon (750ml),Bourbon,"bourbon, whiskey, straight-bourbon",Maker's Mark,TRUE,93.99,https://www.liquorstore-online.com/product_images/p_265225.webp,646626
makers-mark-2025-christmas-jumper-kentucky-straight-bourbon-whiskey-70cl-45-abv0,Maker's Mark - 2025 Christmas Jumper Kentucky Straight Bourbon Whiskey 70cl 45% ABV0,Bourbon,"bourbon, whiskey, straight-bourbon",Maker's Mark,TRUE,141.99,https://www.liquorstore-online.com/product_images/p_250598.webp,24087
makers-mark-cask-strength-kentucky-straight-bourbon-whiskey-70cl-55.05-abv,Maker's Mark - Cask Strength Kentucky Straight Bourbon Whiskey 70cl 55.05% ABV,Bourbon,"bourbon, whiskey, straight-bourbon",Maker's Mark,TRUE,214.99,https://www.liquorstore-online.com/product_images/p_136247.webp,12454
makers-mark-cellar-aged-2023-release-kentucky-straight-bourbon-whiskey-70cl-57.85-abv,Maker's Mark - Cellar Aged 2023 Release Kentucky Straight Bourbon Whiskey 70cl 57.85% ABV,Bourbon,"bourbon, whiskey, straight-bourbon",Maker's Mark,TRUE,691.99,https://www.liquorstore-online.com/product_images/p_229129.webp,19615
makers-mark-cellar-aged-2024-release-kentucky-straight-bourbon-whiskey-70cl-59.65-abv,Maker's Mark - Cellar Aged 2024 Release Kentucky Straight Bourbon Whiskey 70cl 59.65% ABV,Bourbon,"bourbon, whiskey, straight-bourbon",Maker's Mark,TRUE,691.99,https://www.liquorstore-online.com/product_images/p_229689.jpg,22034
makers-mark-kentucky-straight-bourbon-whiskey-5cl-45-abv-miniature,Maker's Mark - Kentucky Straight Bourbon Whiskey 5cl 45% ABV Miniature,Bourbon,"bourbon, whiskey, straight-bourbon",Maker's Mark,TRUE,100.99,https://www.liquorstore-online.com/product_images/p_187122.webp,17388
makers-mark-la-dodgers-60th-anniversary-limited-edition-kentucky-straight-bourbon-whiskey-75cl-45-abv,Maker's Mark - LA Dodgers 60th Anniversary Limited Edition Kentucky Straight Bourbon Whiskey 75cl 45% ABV,Bourbon,"bourbon, whiskey, straight-bourbon",Maker's Mark,TRUE,362.99,https://www.liquorstore-online.com/product_images/p_259309.webp,25363
makers-mark-red-sox-world-series-limited-edition-kentucky-straight-bourbon-whiskey-100cl-45-abv-1-litre,Maker's Mark - Red Sox World Series Limited Edition Kentucky Straight Bourbon Whiskey 100cl 45% ABV (1 Litre),Bourbon,"bourbon, whiskey, straight-bourbon",Maker's Mark,TRUE,362.99,https://www.liquorstore-online.com/product_images/p_259332.webp,25860
makers-mark-vip-personalised-label-kentucky-straight-bourbon-whiskey-75cl-45-abv,Maker's Mark - VIP Personalised Label Kentucky Straight Bourbon Whiskey 75cl 45% ABV,Bourbon,"bourbon, whiskey, straight-bourbon",Maker's Mark,TRUE,627.99,https://www.liquorstore-online.com/product_images/p_253726.webp,25437
makers-mark-wood-finishing-series-the-keepers-release-2025-kentucky-straight-bourbon-whisky-75cl-54.65-abv,Maker's Mark - Wood Finishing Series - The Keepers Release 2025 Kentucky Straight Bourbon Whisky 75cl 54.65% ABV,Bourbon,"bourbon, whiskey, straight-bourbon",Maker's Mark,TRUE,408.99,https://www.liquorstore-online.com/product_images/p_255412.webp,25709
makers-mark-wood-finishing-series-no-3-london-edition-kentucky-straight-bourbon-whiskey-70cl-55.4-abv0,Maker's Mark - Wood Finishing Series No. 3 London Edition Kentucky Straight Bourbon Whiskey 70cl 55.4% ABV0,Bourbon,"bourbon, whiskey, straight-bourbon",Maker's Mark,TRUE,247.99,https://www.liquorstore-online.com/product_images/p_248875.webp,23686
makers-mark-101-bourbon-whisky-750ml,Maker's Mark 101 Bourbon Whisky 750ml,Bourbon,"bourbon, whiskey",Maker's Mark,TRUE,62.88,https://www.liquorstore-online.com/product_images/p_177395.webp,5f4ffc26e8747414bd8e58e7
makers-mark-101-proof-kentucky-straight-bourbon-whisky-750ml,Maker's Mark 101 Proof Kentucky Straight Bourbon Whisky (750ml),Bourbon,"bourbon, whiskey, straight-bourbon",Maker's Mark,TRUE,64.89,https://www.liquorstore-online.com/product_images/p_263741.webp,232524
makers-mark-bourbon-whisky-1.75l,Maker's Mark Bourbon Whisky 1.75L,Bourbon,"bourbon, whiskey",Maker's Mark,TRUE,90.99,https://www.liquorstore-online.com/product_images/p_178486.webp,61952dd073ec4e49d508f91a
makers-mark-bourbon-whisky-1l,Maker's Mark Bourbon Whisky 1L,Bourbon,"bourbon, whiskey",Maker's Mark,TRUE,70.89,https://www.liquorstore-online.com/product_images/p_182126.webp,61952de273ec4e49d50903bb
makers-mark-bourbon-whisky-200ml,Maker's Mark Bourbon Whisky 200ml,Bourbon,"bourbon, whiskey",Maker's Mark,TRUE,37.89,https://www.liquorstore-online.com/product_images/p_178200.webp,61952dde73ec4e49d5090251
makers-mark-bourbon-whisky-375ml,Maker's Mark Bourbon Whisky 375ml,Bourbon,"bourbon, whiskey",Maker's Mark,TRUE,43.89,https://www.liquorstore-online.com/product_images/p_180465.webp,61952dd473ec4e49d508fbf4
makers-mark-bourbon-whisky-600ml,Maker's Mark Bourbon Whisky 600ml,Bourbon,"bourbon, whiskey",Maker's Mark,TRUE,87.99,https://www.liquorstore-online.com/product_images/p_257911.webp,61952ddb73ec4e49d509004c
makers-mark-bourbon-whisky-750ml,Maker's Mark Bourbon Whisky 750ml,Bourbon,"bourbon, whiskey",Maker's Mark,TRUE,54.89,https://www.liquorstore-online.com/product_images/p_177679.webp,5521cef46561310003bb0100
makers-mark-cask-strength-bourbon-109.6-proof-750ml,Maker's Mark Cask Strength Bourbon 109.6 Proof (750ml),Bourbon,"bourbon, whiskey",Maker's Mark,TRUE,72.89,https://www.liquorstore-online.com/product_images/p_263702.webp,643859
makers-mark-cask-strength-bourbon-375ml,Maker's Mark Cask Strength Bourbon 375ml,Bourbon,"bourbon, whiskey",Maker's Mark,TRUE,60.88,https://www.liquorstore-online.com/product_images/p_181715.webp,614150633d75c951943b704c
makers-mark-cask-strength-bourbon-750ml,Maker's Mark Cask Strength Bourbon 750ml,Bourbon,"bourbon, whiskey",Maker's Mark,TRUE,70.88,https://www.liquorstore-online.com/product_images/p_178205.webp,56c294c7756275139dc00400
makers-mark-straight-bourbon-the-lost-recipe-series-edition-2-750ml,Maker's Mark Straight Bourbon The Lost Recipe Series Edition 2 (750ml),Bourbon,"bourbon, whiskey, straight-bourbon",Maker's Mark,TRUE,108.99,https://www.liquorstore-online.com/product_images/p_265123.webp,646604
makers-mark-wood-finishing-series-750ml,Maker's Mark Wood Finishing Series 750ml,Bourbon,"bourbon, whiskey",Maker's Mark,TRUE,106.99,https://www.liquorstore-online.com/product_images/p_255295.webp,69965f242c90e40001cad3b1
makers-mark-wood-finishing-series-bourbon-keepers-release-2025-750ml,Maker's Mark Wood Finishing Series Bourbon Keepers Release 2025 750ml,Bourbon,"bourbon, whiskey",Maker's Mark,TRUE,225.99,https://www.liquorstore-online.com/product_images/p_247529.webp,67dc82ec24043f3464b61406
mannochmore-11-year-old-carn-mor-strictly-limited-bourbon-cask-finish-single-malt-scotch-2010-whisky-70cl-47.5-abv,Mannochmore - 11 year old Carn Mor Strictly Limited Bourbon Cask Finish Single Malt Scotch 2010 Whisky 70cl 47.5% ABV,Bourbon,"bourbon, whiskey, single-malt",Mannochmore,TRUE,220.99,https://www.liquorstore-online.com/product_images/p_166842.webp,15396
mannochmore-12-year-old-carn-mor-strictly-limited-bourbon-cask-finish-single-malt-scotch-2010-whisky-70cl-47.5-abv,Mannochmore - 12 year old Carn Mor Strictly Limited Bourbon Cask Finish Single Malt Scotch 2010 Whisky 70cl 47.5% ABV,Bourbon,"bourbon, whiskey, single-malt",Mannochmore,TRUE,214.99,https://www.liquorstore-online.com/product_images/p_188886.webp,18400
mccormick-distilling-straight-bourbon-whiskey-elvis-teady-bear-music-box-750ml,McCormick Distilling Straight Bourbon Whiskey Elvis Teady Bear Music Box (750ml),Bourbon,"bourbon, whiskey, straight-bourbon",McCormick Distilling,TRUE,457.99,https://www.liquorstore-online.com/product_images/p_263139.webp,324.587
mccormick-distilling-straight-bourbon-whiskey-forever-elvis-68-1977-broken-cork-glued-on-head,McCormick Distilling Straight Bourbon Whiskey Forever Elvis 68 (1977) Broken Cork Glued On Head 750ml,Bourbon,"bourbon, whiskey, straight-bourbon",McCormick Distilling,TRUE,255.99,https://www.liquorstore-online.com/product_images/p_263140.webp,967.621
mckenzie-bourbon-750ml,McKenzie Bourbon (750ml),Bourbon,"bourbon, whiskey",McKenzie Bourbon,TRUE,74.89,https://www.liquorstore-online.com/product_images/p_261874.webp,148450
michters-10-year-old-single-barrel-kentucky-straight-bourbon-whiskey-70cl-47.2-abv,Michter's - 10 year old Single Barrel Kentucky Straight Bourbon Whiskey 70cl 47.2% ABV,Bourbon,"bourbon, whiskey, single-barrel, straight-bourbon",Michter's,TRUE,522.99,https://www.liquorstore-online.com/product_images/p_202845.webp,7126
michters-20-year-old-2022-limited-release-kentucky-straight-bourbon-whiskey-70cl-57.1-abv,Michter's - 20 year old 2022 Limited Release Kentucky Straight Bourbon Whiskey 70cl 57.1% ABV,Bourbon,"bourbon, whiskey, straight-bourbon",Michter's,TRUE,8477.99,https://www.liquorstore-online.com/product_images/p_226803.webp,18619
michters-2021-limited-release-toasted-barrel-finish-kentucky-straight-bourbon-whiskey-70cl-45.7-abv,Michter's - 2021 Limited Release Toasted Barrel Finish Kentucky Straight Bourbon Whiskey 70cl 45.7% ABV,Bourbon,"bourbon, whiskey, straight-bourbon",Michter's,TRUE,691.99,https://www.liquorstore-online.com/product_images/p_202410.webp,15092
michters-2024-limited-release-toasted-barrel-finish-kentucky-straight-bourbon-whiskey-70cl-45.7-abv,Michter's - 2024 Limited Release Toasted Barrel Finish Kentucky Straight Bourbon Whiskey 70cl 45.7% ABV,Bourbon,"bourbon, whiskey, straight-bourbon",Michter's,TRUE,691.99,https://www.liquorstore-online.com/product_images/p_229533.jpg,21694
michters-bombergers-declaration-2020-release-kentucky-straight-bourbon-whiskey-70cl-54-abv,Michter's - Bomberger's Declaration 2020 Release Kentucky Straight Bourbon Whiskey 70cl 54% ABV,Bourbon,"bourbon, whiskey, straight-bourbon",Michter's,TRUE,691.99,https://www.liquorstore-online.com/product_images/p_188322.webp,13035
michters-bombergers-declaration-2021-release-kentucky-straight-bourbon-whiskey-70cl-54-abv,Michter's - Bomberger's Declaration 2021 Release Kentucky Straight Bourbon Whiskey 70cl 54% ABV,Bourbon,"bourbon, whiskey, straight-bourbon",Michter's,TRUE,665.99,https://www.liquorstore-online.com/product_images/p_202411.webp,15093
michters-bombergers-declaration-2022-release-kentucky-straight-bourbon-whiskey-70cl-54-abv,Michter's - Bomberger's Declaration 2022 Release Kentucky Straight Bourbon Whiskey 70cl 54% ABV,Bourbon,"bourbon, whiskey, straight-bourbon",Michter's,TRUE,665.99,https://www.liquorstore-online.com/product_images/p_251112.webp,17298
michters-bombergers-declaration-2023-release-kentucky-straight-bourbon-whiskey-70cl-54-abv,Michter's - Bomberger's Declaration 2023 Release Kentucky Straight Bourbon Whiskey 70cl 54% ABV,Bourbon,"bourbon, whiskey, straight-bourbon",Michter's,TRUE,627.99,https://www.liquorstore-online.com/product_images/p_230939.webp,19090
michters-bombergers-declaration-2024-release-kentucky-straight-bourbon-whiskey-70cl-54-abv,Michter's - Bomberger's Declaration 2024 Release Kentucky Straight Bourbon Whiskey 70cl 54% ABV,Bourbon,"bourbon, whiskey, straight-bourbon",Michter's,TRUE,414.99,https://www.liquorstore-online.com/product_images/p_229534.webp,21696
michters-bombergers-declaration-2025-release-kentucky-straight-bourbon-whiskey-70cl-54-abv0,Michter's - Bomberger's Declaration 2025 Release Kentucky Straight Bourbon Whiskey 70cl 54% ABV0,Bourbon,"bourbon, whiskey, straight-bourbon",Michter's,TRUE,326.99,https://www.liquorstore-online.com/product_images/p_250649.webp,24092
michters-us1-kentucky-straight-bourbon-whiskey-70cl-45.7-abv,Michter's - US*1 Kentucky Straight Bourbon Whiskey 70cl 45.7% ABV,Bourbon,"bourbon, whiskey, straight-bourbon",Michter's,TRUE,205.99,https://www.liquorstore-online.com/product_images/p_136501.webp,6521
michters-us1-kentucky-straight-bourbon-whiskey-70cl-45.7-abv-includes-hat,Michter's - US*1 Kentucky Straight Bourbon Whiskey 70cl 45.7% ABV (Includes Hat),Bourbon,"bourbon, whiskey, straight-bourbon",Michter's,TRUE,207.99,https://www.liquorstore-online.com/product_images/p_222088.webp,20860
michters-small-batch-bourbon-us-1-750ml,Michter's Small Batch Bourbon US 1 (750ml),Bourbon,"bourbon, whiskey, small-batch",Michter's Small,TRUE,93.99,https://www.liquorstore-online.com/product_images/p_268227.webp,131604
michters-us1-kentucky-straight-bourbon-750ml,Michters US1 Kentucky Straight Bourbon 750ml,Bourbon,"bourbon, whiskey, straight-bourbon",Michter's,TRUE,67.89,https://www.liquorstore-online.com/product_images/p_177909.webp,5521cef46561310003c70100
michters-us1-toasted-barrel-finish-bourbon-750ml,Michters US1 Toasted Barrel Finish Bourbon 750ml,Bourbon,"bourbon, whiskey",Michter's,TRUE,255.99,https://www.liquorstore-online.com/product_images/p_210124.webp,5521cef46561310003c60100
milam-greene-bottled-in-bond-bourbon-750ml,Milam & Greene Bottled In Bond Bourbon 750ml,Bourbon,"bourbon, whiskey",Milam & Greene,TRUE,90.99,https://www.liquorstore-online.com/product_images/p_258158.webp,65fb010cc846eb52e40c49fd
milam-greene-triple-cask-bourbon-94-proof-750ml,Milam & Greene Triple Cask Bourbon 94 Proof (750ml),Bourbon,"bourbon, whiskey",Milam &,TRUE,72.89,https://www.liquorstore-online.com/product_images/p_262143.webp,174397
milam-greene-unabridged-bourbon-750ml,Milam & Greene Unabridged Bourbon 750ml,Bourbon,"bourbon, whiskey",Milam & Greene,TRUE,110.99,https://www.liquorstore-online.com/product_images/p_257103.webp,62bc882ba219ec4437a18d5d
milam-greene-very-small-batch-bourbon-charred-french-oak-finish-750ml,Milam & Greene Very Small Batch Bourbon Charred French Oak Finish (750ml),Bourbon,"bourbon, whiskey, small-batch",Milam &,TRUE,105.99,https://www.liquorstore-online.com/product_images/p_264626.webp,999987
milam-and-greene-triple-cask-blended-bourbon-750ml,Milam And Greene Triple Cask Blended Bourbon 750ml,Bourbon,"bourbon, whiskey",Milam & Greene,TRUE,69.88,https://www.liquorstore-online.com/product_images/p_185130.webp,5d894e749f996d3c108797c9
miltonduff-10-year-old-carn-mor-strictly-limited-bourbon-cask-finish-single-malt-scotch-2011-whisky-70cl-47.5-abv,Miltonduff - 10 year old Carn Mor Strictly Limited Bourbon Cask Finish Single Malt Scotch 2011 Whisky 70cl 47.5% ABV,Bourbon,"bourbon, whiskey, single-malt",Miltonduff,TRUE,214.99,https://www.liquorstore-online.com/product_images/p_167180.webp,14396
miltonduff-10-year-old-coopers-choice-single-bourbon-cask-800531-2011-whisky-70cl-56.5-abv,Miltonduff - 10 year old Cooper's Choice - Single Bourbon Cask #800531 2011 Whisky 70cl 56.5% ABV,Bourbon,"bourbon, whiskey",Miltonduff,TRUE,260.99,https://www.liquorstore-online.com/product_images/p_166211.webp,14567
miltonduff-22-year-old-cut-your-wolf-loose-edition-15-single-bourbon-cask-2002-whisky-70cl-50.7-abv0,Miltonduff - 22 year old Cut Your Wolf Loose Edition #15 Single Bourbon Cask 2002 Whisky 70cl 50.7% ABV0,Bourbon,"bourbon, whiskey",Miltonduff,TRUE,401.99,https://www.liquorstore-online.com/product_images/p_253253.webp,25204
minden-mill-distilling-4-yeras-old-nevada-non-chill-filtered-straight-bourbon-750ml,Minden Mill Distilling 4 Yeras Old Nevada Non-Chill Filtered Straight Bourbon 750ml,Bourbon,"bourbon, whiskey, straight-bourbon",Minden Hill,TRUE,62.89,https://www.liquorstore-online.com/product_images/p_247915.webp,673a3acfd91076078b554fc0
monks-road-small-batch-bourbon-750ml,Monk's Road Small Batch Bourbon 750ml,Bourbon,"bourbon, whiskey, small-batch",Monk's Road,TRUE,69.89,https://www.liquorstore-online.com/product_images/p_252891.webp,632364a6a09dab4175403d30
nantou-yushan-signature-bourbon-cask-taiwanese-single-malt-whisky-70cl-46-abv,Nantou - Yushan Signature Bourbon Cask - Taiwanese Single Malt Whisky 70cl 46% ABV,Bourbon,"bourbon, whiskey, single-malt",Nantou,TRUE,182.99,https://www.liquorstore-online.com/product_images/p_136429.webp,12635
nevada-distilling-smoke-wagon-small-batch-straight-bourbon-whiskey-75cl-50-abv,Nevada Distilling - Smoke Wagon Small Batch Straight Bourbon Whiskey 75cl 50% ABV,Bourbon,"bourbon, whiskey, small-batch, straight-bourbon",Nevada Distilling,TRUE,333.99,https://www.liquorstore-online.com/product_images/p_253692.webp,25374
nevada-distilling-smoke-wagon-uncut-unfiltered-straight-bourbon-whiskey-75cl-57.37-abv,Nevada Distilling - Smoke Wagon Uncut Unfiltered Straight Bourbon Whiskey 75cl 57.37% ABV,Bourbon,"bourbon, whiskey, straight-bourbon",Nevada Distilling,TRUE,401.99,https://www.liquorstore-online.com/product_images/p_253694.webp,25375
new-riff-kentucky-straight-bourbon-whiskey-5cl-50-abv-miniature,New Riff - Kentucky Straight Bourbon Whiskey 5cl 50% ABV Miniature,Bourbon,"bourbon, whiskey, straight-bourbon",New Riff,TRUE,119.99,https://www.liquorstore-online.com/product_images/p_250893.webp,24264
new-riff-8-year-bourbon-750ml,New Riff 8 Year Bourbon 750ml,Bourbon,"bourbon, whiskey",Riff,TRUE,98.98,https://www.liquorstore-online.com/product_images/p_249121.webp,6605ee86bbb3b7676d437b79
new-riff-bottled-in-bond-bourbon-750ml,New Riff Bottled-In-Bond Bourbon 750ml,Bourbon,"bourbon, whiskey",New Riff Distilling,TRUE,66.89,https://www.liquorstore-online.com/product_images/p_249118.webp,5b9033635d76731eac19556d
new-riff-single-barrel-kentucky-straight-bourbon-whiskey-750ml,New Riff Single Barrel Kentucky Straight Bourbon Whiskey 750ml,Bourbon,"bourbon, whiskey, single-barrel, straight-bourbon",New Riff,TRUE,84.99,https://www.liquorstore-online.com/product_images/p_249132.webp,68cae3804b69c465f6af1588
new-riff-single-barrel-selection-barrel-rye-750ml,New Riff Single Barrel Selection Barrel Rye 750ml,Bourbon,"bourbon, whiskey, single-barrel, rye",New Riff,TRUE,88.98,https://www.liquorstore-online.com/product_images/p_249133.webp,68cae64a50c2f84c0a083a1b
nikka-miyagikyo-bourbon-wood-finish-single-malt-japanese-whisky-70cl-46-abv,Nikka Miyagikyo - Bourbon Wood Finish Single Malt Japanese Whisky 70cl 46% ABV,Bourbon,"bourbon, whiskey, single-malt",Nikka Miyagikyo,TRUE,691.99,https://www.liquorstore-online.com/product_images/p_251105.webp,10070
nikka-yoichi-bourbon-wood-finish-single-malt-japanese-whisky-70cl-46-abv,Nikka Yoichi - Bourbon Wood Finish Single Malt Japanese Whisky 70cl 46% ABV,Bourbon,"bourbon, whiskey, single-malt",Nikka,TRUE,515.99,https://www.liquorstore-online.com/product_images/p_187459.webp,10085
noahs-mill-bourbon-750ml,Noah's Mill Bourbon  (750ml),Bourbon,"bourbon, whiskey",Noah's Mill,TRUE,95.99,https://www.liquorstore-online.com/product_images/p_261278.webp,129436
noahs-mill-bourbon-750ml,Noah's Mill Bourbon 750ml,Bourbon,"bourbon, whiskey",Willett Distillery,TRUE,93.99,https://www.liquorstore-online.com/product_images/p_177386.webp,564bd79c69702d5e84040000
noble-oak-bourbon-750ml,Noble Oak Bourbon 750ml,Bourbon,"bourbon, whiskey",Noble Oak,TRUE,63.89,https://www.liquorstore-online.com/product_images/p_176663.webp,5b0611b88ccc871404ed97f1
octomore-11-year-old-single-bourbon-cask-single-malt-scotch-2013-whisky-70cl-59.4-abv,Octomore - 11 year old Single Bourbon Cask Single Malt Scotch 2013 Whisky 70cl 59.4% ABV,Bourbon,"bourbon, whiskey, single-malt",Octomore,TRUE,1348.99,https://www.liquorstore-online.com/product_images/p_251113.webp,22429
old-bardstown-bourbon-90-proof-750ml,Old Bardstown Bourbon 90 Proof (750ml),Bourbon,"bourbon, whiskey",Old Bardstown,TRUE,47.89,https://www.liquorstore-online.com/product_images/p_261595.webp,131687
old-bardstown-estate-bottled-kentucky-straight-bourbon-whiskey-101-proof-750ml,Old Bardstown Estate Bottled Kentucky Straight Bourbon Whiskey 101 Proof 750ml,Bourbon,"bourbon, whiskey, straight-bourbon",Old Bardstown,TRUE,62.89,https://www.liquorstore-online.com/product_images/p_177313.webp,56c26d0a75627570b0ce0000
old-bardstown-estate-bottled-kentucky-straight-bourbon-whisky-750ml,Old Bardstown Estate Bottled Kentucky Straight Bourbon Whisky (750ml),Bourbon,"bourbon, whiskey, straight-bourbon",Old Bardstown,TRUE,64.89,https://www.liquorstore-online.com/product_images/p_261580.webp,131625
old-carter-bourbon-whiskey-batch-12-110.8-750ml,Old Carter Bourbon Whiskey Batch 12 110.8 (750ml),Bourbon,"bourbon, whiskey",Old Carter,TRUE,607.99,https://www.liquorstore-online.com/product_images/p_262280.webp,182938
old-carter-bourbon-whiskey-batch-16-117.8-750ml,Old Carter Bourbon Whiskey Batch 16 117.8 (750ml),Bourbon,"bourbon, whiskey",Old Carter,TRUE,607.99,https://www.liquorstore-online.com/product_images/p_262725.webp,163499920
old-commonwealth-kentucky-nectar-honey-cask-finish-bourbon-750ml,Old Commonwealth 'Kentucky Nectar' Honey Cask Finish Bourbon (750ml),Bourbon,"bourbon, whiskey",Old Commonwealth,TRUE,133.99,https://www.liquorstore-online.com/product_images/p_267746.webp,656270
old-crow-bourbon-1.75l,Old Crow Bourbon 1.75L,Bourbon,"bourbon, whiskey",Old Crow,TRUE,54.88,https://www.liquorstore-online.com/product_images/p_182086.webp,57aa316769702d628deff600
old-crow-bourbon-1l,Old Crow Bourbon 1L,Bourbon,"bourbon, whiskey",Old Crow,TRUE,44.89,https://www.liquorstore-online.com/product_images/p_257683.webp,67dedb7425d031618c3eef18
old-crow-bourbon-375ml,Old Crow Bourbon 375ml,Bourbon,"bourbon, whiskey",Old Crow,TRUE,32.89,https://www.liquorstore-online.com/product_images/p_256976.webp,56c2724a75627570b0730200
old-elk-8-years-old-straight-wheated-bourbon-100-proof-750ml,Old Elk 8 Years Old Straight Wheated Bourbon 100 Proof 750ml,Bourbon,"bourbon, whiskey, straight-bourbon",Old Elk,TRUE,101.99,https://www.liquorstore-online.com/product_images/p_210409.webp,646e6a6056aeff52e4be93fd
old-elk-blended-straight-bourbon-750ml,Old Elk Blended Straight Bourbon 750ml,Bourbon,"bourbon, whiskey, straight-bourbon",Old Elk,TRUE,61.88,https://www.liquorstore-online.com/product_images/p_210378.webp,5a3879944ce3f96a6c00a590
old-elk-bourbon-single-barrel-straight-wheat-whiskey-750ml,Old Elk Bourbon Single Barrel Straight Wheat Whiskey 750ml,Bourbon,"bourbon, whiskey, single-barrel, straight-bourbon",Old Elk,TRUE,103.98,https://www.liquorstore-online.com/product_images/p_200834.webp,63e814d5c87e9c02db97d7bd
old-elk-distillery-nooku-bourbon-cream-liqueur-750ml,Old Elk Distillery Nooku Bourbon Cream Liqueur 750ml,Bourbon,"bourbon, whiskey",Bourbon,TRUE,51.88,https://www.liquorstore-online.com/product_images/p_183301.webp,5965430e355d0935c14d7bed
old-elk-four-grain-bourbon-whiskey-750ml,Old Elk Four Grain Bourbon Whiskey (750ml),Bourbon,"bourbon, whiskey",Old Elk,TRUE,93.99,https://www.liquorstore-online.com/product_images/p_268274.webp,102535
old-elk-nooku-bourbon-peppermint-cream-750ml,Old Elk Nooku bourbon Peppermint Cream 750ml,Bourbon,"bourbon, whiskey",Old Elk,TRUE,51.88,https://www.liquorstore-online.com/product_images/p_180793.webp,5a39b2c24ce3f96a6c018869
old-ezra-brooks-7-years-old-barrel-strength-kentucky-straight-bourbon-whiskey-750ml,Old Ezra Brooks 7 Years Old Barrel Strength Kentucky Straight Bourbon Whiskey (750ml),Bourbon,"bourbon, whiskey, straight-bourbon",Old Ezra,TRUE,123.99,https://www.liquorstore-online.com/product_images/p_261948.webp,155263
old-fitzgerald-11-year-old-bottled-in-bond-bourbon-2006-whiskey-70cl-50-abv,Old Fitzgerald - 11 year old Bottled In Bond Bourbon 2006 Whiskey 70cl 50% ABV,Bourbon,"bourbon, whiskey",Old Fitzgerald,TRUE,1832.99,https://www.liquorstore-online.com/product_images/p_222278.webp,9807
old-fitzgerald-11-year-old-bottled-in-bond-bourbon-2010-whiskey-75cl-50-abv,Old Fitzgerald - 11 year old Bottled In Bond Bourbon 2010 Whiskey 75cl 50% ABV,Bourbon,"bourbon, whiskey",Old Fitzgerald,TRUE,1284.99,https://www.liquorstore-online.com/product_images/p_185026.webp,16619
old-fitzgerald-john-e-fitzgerald-1870-larceny-bourbon-whiskey-70cl-46-abv,Old Fitzgerald - John E Fitzgerald 1870 Larceny Bourbon Whiskey 70cl 46% ABV,Bourbon,"bourbon, whiskey",Old Fitzgerald,TRUE,175.99,https://www.liquorstore-online.com/product_images/p_138749.webp,3315
old-fitzgerald-7-year-straight-bourbon-bottled-in-bond-750ml,Old Fitzgerald 7 Year Straight Bourbon Bottled-In-Bond 750ml,Bourbon,"bourbon, whiskey, straight-bourbon",Old Fitzgerald,TRUE,90.99,https://www.liquorstore-online.com/product_images/p_252779.webp,67e5e06f4529012d65a578d4
old-forester-12-year-old-barrel-reserve-1996-olympics-bourbon-1984-whiskey-100cl-48-abv,Old Forester - 12 year old Barrel Reserve 1996 Olympics Bourbon 1984 Whiskey 100cl 48% ABV,Bourbon,"bourbon, whiskey",Old Forester,TRUE,1050.99,https://www.liquorstore-online.com/product_images/p_135782.webp,8446
old-forester-1870-original-batch-kentucky-straight-bourbon-whiskey-70cl-45-abv,Old Forester - 1870 Original Batch Kentucky Straight Bourbon Whiskey 70cl 45% ABV,Bourbon,"bourbon, whiskey, straight-bourbon",Old Forester,TRUE,188.99,https://www.liquorstore-online.com/product_images/p_186019.webp,17249
old-forester-100-proof-kentucky-straight-bourbon-whisky-750ml,Old Forester 100 Proof Kentucky Straight Bourbon Whisky 750ml,Bourbon,"bourbon, whiskey, straight-bourbon",Old Forester,TRUE,56.89,https://www.liquorstore-online.com/product_images/p_178478.webp,57056e7969702d35d6b50000
old-forester-1870-original-batch-kentucky-straight-bourbon-whiskey-750ml,Old Forester 1870 Original Batch Kentucky Straight Bourbon Whiskey (750ml),Bourbon,"bourbon, whiskey, straight-bourbon",Old Forester,TRUE,88.99,https://www.liquorstore-online.com/product_images/p_261868.webp,148257
old-forester-1910-old-fine-kentucky-straight-bourbon-whiskey-375ml,Old Forester 1910 Old Fine Kentucky Straight Bourbon Whiskey (375ml),Bourbon,"bourbon, whiskey, straight-bourbon",Old Forester,TRUE,63.89,https://www.liquorstore-online.com/product_images/p_264898.webp,979916
old-forester-1920-prohibition-style-kentucky-straight-bourbon-whiskey-115-proof-750ml,Old Forester 1920 Prohibition Style Kentucky Straight Bourbon Whiskey 115 Proof (750ml),Bourbon,"bourbon, whiskey, straight-bourbon",Old Forester,TRUE,99.99,https://www.liquorstore-online.com/product_images/p_261870.webp,148259
old-forester-86-proof-kentucky-straight-bourbon-whisky-1.75l,Old Forester 86 Proof Kentucky Straight Bourbon Whisky 1.75L,Bourbon,"bourbon, whiskey, straight-bourbon",Old Forester,TRUE,89.99,https://www.liquorstore-online.com/product_images/p_181624.webp,56cacbbb75627527c4f40000
old-forester-86-proof-kentucky-straight-bourbon-whisky-1l,Old Forester 86 Proof Kentucky Straight Bourbon Whisky 1L,Bourbon,"bourbon, whiskey, straight-bourbon",Old Forester,TRUE,54.89,https://www.liquorstore-online.com/product_images/p_177912.webp,5521cef86561310003d00200
old-forester-86-proof-kentucky-straight-bourbon-whisky-375ml,Old Forester 86 Proof Kentucky Straight Bourbon Whisky 375ml,Bourbon,"bourbon, whiskey, straight-bourbon",Old Forester,TRUE,37.89,https://www.liquorstore-online.com/product_images/p_182095.webp,56eb8fee69702d5654ec0e00
old-forester-single-barrel-barrel-strength-bourbon-whiskey-750ml,Old Forester Single Barrel Barrel Strength Bourbon Whiskey (750ml),Bourbon,"bourbon, whiskey, single-barrel",Old Forester,TRUE,123.99,https://www.liquorstore-online.com/product_images/p_264131.webp,987108
old-forester-statesman-kentucky-straight-bourbon-whiskey-750ml,Old Forester Statesman Kentucky Straight Bourbon Whiskey (750ml),Bourbon,"bourbon, whiskey, straight-bourbon",Old Forester,TRUE,99.99,https://www.liquorstore-online.com/product_images/p_262264.webp,181851
old-forester-statesman-kentucky-straight-bourbon-whisky-750ml,Old Forester Statesman Kentucky Straight Bourbon Whisky 750ml,Bourbon,"bourbon, whiskey, straight-bourbon",Old Forester,TRUE,91.99,https://www.liquorstore-online.com/product_images/p_187018.webp,598b79e90bf67e34f68c4bdc
old-forester-whiskey-row-series-1870-original-batch-kentucky-straight-bourbon-whisky-750ml,Old Forester Whiskey Row Series: 1870 Original Batch Kentucky Straight Bourbon Whisky 750ml,Bourbon,"bourbon, whiskey, straight-bourbon",Old Forester,TRUE,72.88,https://www.liquorstore-online.com/product_images/p_188342.webp,56c290c5756275139d530300
old-forester-whiskey-row-series-1897-bottled-in-bond-kentucky-straight-bourbon-whisky-750ml,Old Forester Whiskey Row Series: 1897 Bottled in Bond Kentucky Straight Bourbon Whisky 750ml,Bourbon,"bourbon, whiskey, straight-bourbon",Old Forester,TRUE,89.98,https://www.liquorstore-online.com/product_images/p_177140.webp,56df4e3569702d6e40550200
old-forester-whiskey-row-series-1910-old-fine-whisky-kentucky-straight-bourbon-whisky-750ml,Old Forester Whiskey Row Series: 1910 Old Fine Whisky Kentucky Straight Bourbon Whisky 750ml,Bourbon,"bourbon, whiskey, straight-bourbon",Old Forester,TRUE,91.98,https://www.liquorstore-online.com/product_images/p_188576.webp,5bc11968d103a026d293e9ba
old-forester-whiskey-row-series-1920-prohibition-style-kentucky-straight-bourbon-whisky-750ml,Old Forester Whiskey Row Series: 1920 Prohibition Style Kentucky Straight Bourbon Whisky 750ml,Bourbon,"bourbon, whiskey, straight-bourbon",Old Forester,TRUE,95.98,https://www.liquorstore-online.com/product_images/p_176759.webp,5834e791b75f844aa3b6a3f5
old-grand-dad-114-bourbon-750ml,Old Grand Dad 114 Bourbon 750ml,Bourbon,"bourbon, whiskey",Old Grand-Dad,TRUE,56.88,https://www.liquorstore-online.com/product_images/p_186987.webp,5521cef86561310003bd0200
old-grand-dad-bonded-100-proof-bourbon-1l,Old Grand Dad Bonded 100 Proof Bourbon 1L,Bourbon,"bourbon, whiskey",Old Grand-Dad,TRUE,53.88,https://www.liquorstore-online.com/product_images/p_188577.webp,56c293c1756275139d600400
old-grand-dad-114-barrel-proof-kentucky-straight-bourbon-whiskey-750ml,Old Grand-Dad 114 Barrel Proof Kentucky Straight Bourbon Whiskey (750ml),Bourbon,"bourbon, whiskey, straight-bourbon",Old Grand-Dad,TRUE,61.89,https://www.liquorstore-online.com/product_images/p_261439.webp,130675
old-grand-dad-bonded-100-proof-kentucky-straight-bourbon-whiskey-750ml,Old Grand-Dad Bonded 100 Proof Kentucky Straight Bourbon Whiskey (750ml),Bourbon,"bourbon, whiskey, straight-bourbon",Old Grand-Dad,TRUE,53.89,https://www.liquorstore-online.com/product_images/p_261511.webp,131097
old-grand-dad-kentucky-straight-bourbon-whiskey-80-proof-1.75l,Old Grand-Dad Kentucky Straight Bourbon Whiskey 80 Proof 1.75L,Bourbon,"bourbon, whiskey, straight-bourbon",Old Grand,TRUE,62.89,https://www.liquorstore-online.com/product_images/p_202139.webp,57aa315c69702d628d70f600
old-joe-1818-8-year-94-proof-bourbon-750ml,Old Joe 1818 8-year 94 proof Bourbon (750ml),Bourbon,"bourbon, whiskey",Old Joe,TRUE,70.89,https://www.liquorstore-online.com/product_images/p_265146.webp,646617
old-joe-double-oak-8-year-bourbon-750ml,Old Joe Double Oak 8-year Bourbon (750ml),Bourbon,"bourbon, whiskey",Old Joe,TRUE,88.99,https://www.liquorstore-online.com/product_images/p_265148.webp,646618
old-pulteney-11-year-old-carn-mor-strictly-limited-bourbon-cask-finish-single-malt-scotch-2011-whisky-70cl-47.5-abv,Old Pulteney - 11 year old Carn Mor Strictly Limited Bourbon Cask Finish Single Malt Scotch 2011 Whisky 70cl 47.5% ABV,Bourbon,"bourbon, whiskey, single-malt",Old Pulteney,TRUE,273.99,https://www.liquorstore-online.com/product_images/p_188063.webp,17569
old-soul-bourbon-750ml,Old Soul Bourbon (750ml),Bourbon,"bourbon, whiskey",Old Soul,TRUE,93.99,https://www.liquorstore-online.com/product_images/p_262048.webp,167318
old-soul-bourbon-estate-collection-3-750ml,Old Soul Bourbon Estate Collection #3 (750ml),Bourbon,"bourbon, whiskey",Old Soul,TRUE,113.99,https://www.liquorstore-online.com/product_images/p_264248.webp,989555
old-soul-bourbon-estate-collection-straight-wheat-whiskey-750ml,Old Soul Bourbon Estate Collection Straight Wheat Whiskey (750ml),Bourbon,"bourbon, whiskey, straight-bourbon",Old Soul,TRUE,113.99,https://www.liquorstore-online.com/product_images/p_265778.webp,646310
old-soul-bourbon-single-barrel-750ml,Old Soul Bourbon Single Barrel (750ml),Bourbon,"bourbon, whiskey, single-barrel",Old Soul,TRUE,108.99,https://www.liquorstore-online.com/product_images/p_262501.webp,187243
ole-smoky-bourbon-ball-bourbon-cream-liqueur-750ml,Ole Smoky 'Bourbon Ball' Bourbon Cream Liqueur (750ml),Bourbon,"bourbon, whiskey",Ole Smoky,TRUE,44.89,https://www.liquorstore-online.com/product_images/p_264517.webp,55399587
ole-smoky-tennessee-straight-bourbon-whiskey-750ml,Ole Smoky Tennessee Straight Bourbon Whiskey 750ml,Bourbon,"bourbon, whiskey, straight-bourbon, tennessee-whiskey",Ole Smoky,TRUE,48.89,https://www.liquorstore-online.com/product_images/p_252485.webp,66a9e473ffdfd5763702c49d
on-your-six-bourbon-whiskey-750ml,On Your Six Bourbon Whiskey (750ml),Bourbon,"bourbon, whiskey",On Your,TRUE,72.89,https://www.liquorstore-online.com/product_images/p_262927.webp,38741956
on-your-six-wheated-founders-edition-bourbon-750ml,On Your Six Wheated 'Founders Edition' Bourbon (750ml),Bourbon,"bourbon, whiskey",On Your,TRUE,93.99,https://www.liquorstore-online.com/product_images/p_265046.webp,656690
orphan-barrel-22-years-bourbon-lost-prophet-750ml,Orphan Barrel 22 Years Bourbon Lost Prophet (750ml),Bourbon,"bourbon, whiskey",Orphan Barrel,TRUE,988.99,https://www.liquorstore-online.com/product_images/p_261837.webp,146262
orphan-barrel-rhetoric-bourbon-20-year-750ml,Orphan Barrel Rhetoric Bourbon 20 Year (750ml),Bourbon,"bourbon, whiskey",Orphan Barrel,TRUE,377.99,https://www.liquorstore-online.com/product_images/p_262059.webp,168220
pappy-van-winkle-20-year-old-2021-family-reserve-kentucky-straight-bourbon-whiskey-75cl-45.2-abv,Pappy Van Winkle - 20 year old 2021 Family Reserve Kentucky Straight Bourbon Whiskey 75cl 45.2% ABV,Bourbon,"bourbon, whiskey, straight-bourbon",Pappy Van Winkle,TRUE,6838.99,https://www.liquorstore-online.com/product_images/p_179795.webp,5942
pappy-van-winkle-bourbon-barrel-aged-pepper-sauce,Pappy Van Winkle Bourbon Barrel Aged Pepper Sauce,Bourbon,"bourbon, whiskey",Pappy Van Winkle,TRUE,47.00,https://www.liquorstore-online.com/product_images/product227671.webp,PVWBBAPS
pappy-van-winkle-bourbon-barrel-aged-old-fashioned-mix,Pappy Van Winkle Bourbon Barrel-Aged Old Fashioned Mix 8.50Oz,Bourbon,"bourbon, whiskey",Pappy Van Winkle,TRUE,49.99,https://www.liquorstore-online.com/product_images/product227669.webp,PVWBBAOFM
pappy-van-winkle-bourbon-barrel-aged-pure-maple-syrup,Pappy Van Winkle Bourbon Barrel-Aged Pure Maple Syrup 12.70Oz,Bourbon,"bourbon, whiskey",Pappy Van Winkle,TRUE,68.00,https://www.liquorstore-online.com/product_images/product227670.webp,PVWBBAPMS
paul-sutton-7yr-heritage-bourbon-750ml,Paul Sutton 7yr Heritage Bourbon 750ml,Bourbon,"bourbon, whiskey",Paul Sutton Bourbon,TRUE,117.99,https://www.liquorstore-online.com/product_images/p_256215.webp,64fce8db59d87c725865d490
paul-sutton-kentucky-straight-bourbon-750ml,Paul Sutton Kentucky Straight Bourbon (750ml),Bourbon,"bourbon, whiskey, straight-bourbon",Paul Sutton,TRUE,69.89,https://www.liquorstore-online.com/product_images/p_264152.webp,371234
paul-sutton-kentucky-straight-bourbon-750ml,Paul Sutton Kentucky Straight Bourbon 750ml,Bourbon,"bourbon, whiskey, straight-bourbon",Paul Sutton Bourbon,TRUE,108.99,https://www.liquorstore-online.com/product_images/p_255449.webp,606cbf909ec4ac391f7df4e4
peaky-blinder-straight-bourbon-whiskey-70cl-40-abv,Peaky Blinder - Straight Bourbon Whiskey 70cl 40% ABV,Bourbon,"bourbon, whiskey, straight-bourbon",Peaky Blinders,TRUE,188.99,https://www.liquorstore-online.com/product_images/p_187428.jpg,17302
peaky-blinders-shelby-co-kentucky-straight-bourbon-750ml,Peaky Blinders Shelby Co. Kentucky Straight Bourbon (750ml),Bourbon,"bourbon, whiskey, straight-bourbon",Peaky Blinders,TRUE,70.89,https://www.liquorstore-online.com/product_images/p_267232.webp,656348
peerless-bourbon-small-batch-750ml,Peerless Bourbon Small Batch 750ml,Bourbon,"bourbon, whiskey, small-batch",Peerless Bourbon,TRUE,110.99,https://www.liquorstore-online.com/product_images/p_180811.webp,5d3b513aec27b50fa048301c
peerless-double-oak-bourbon-750ml,Peerless Double Oak Bourbon 750ml,Bourbon,"bourbon, whiskey",Peerless,TRUE,121.98,https://www.liquorstore-online.com/product_images/p_213141.webp,6154b33d268d6e7e5487b894
peerless-high-rye-bourbon-750ml,Peerless High Rye Bourbon 750ml,Bourbon,"bourbon, whiskey, rye",Kentucky,TRUE,188.48,https://www.liquorstore-online.com/product_images/p_222447.webp,643726eba98c903668541743
peerless-toasted-bourbon-750ml,Peerless Toasted Bourbon 750ml,Bourbon,"bourbon, whiskey",Peerless,TRUE,116.99,https://www.liquorstore-online.com/product_images/p_228523.webp,6610ade833c45e4f9eacac31
pendleton-1910-bourbon-750ml,Pendleton 1910 Bourbon 750ml,Bourbon,"bourbon, whiskey",Pendleton,TRUE,67.89,https://www.liquorstore-online.com/product_images/p_230666.webp,672da1a07604492697fd6f8c
penelope-four-grain-barrel-strength-straight-bourbon-whiskey-115.8-proof-750ml,Penelope 'Four Grain' Barrel Strength Straight Bourbon Whiskey 115.8 Proof (750ml),Bourbon,"bourbon, whiskey, straight-bourbon",Penelope 'Four,TRUE,86.99,https://www.liquorstore-online.com/product_images/p_264658.webp,19696291
penelope-10-years-old-private-sel-104p-rickhouse-echo-750ml,Penelope 10 Years Old Private Sel 104p Rickhouse Echo 750ml,Bourbon,"bourbon, whiskey",Penelope 10,TRUE,175.49,https://www.liquorstore-online.com/product_images/p_260433.webp,6a4c049121c66912fe15a8d6
penelope-10-years-old-private-selection-104-proof-750ml,Penelope 10 Years Old Private Selection 104 Proof 750ml,Bourbon,"bourbon, whiskey",Penelope 10,TRUE,185.49,https://www.liquorstore-online.com/product_images/p_260469.webp,69fe232b10207000019f2217
penelope-architect-of-golf-hole-26-year-bourbon-750ml,Penelope Architect of Golf 'Hole 2'6-Year Bourbon - (750ml),Bourbon,"bourbon, whiskey",Penelope Architect of Golf 'Hole 2'6-Year Bourbon,TRUE,133.99,https://www.liquorstore-online.com/product_images/p_267116.webp,656341
penelope-architect-straight-bourbon-whiskey-750ml,Penelope Architect Straight Bourbon Whiskey - (750ml),Bourbon,"bourbon, whiskey, straight-bourbon",Penelope Architect Straight Bourbon Whiskey,TRUE,67.89,https://www.liquorstore-online.com/product_images/p_263023.webp,PABP4750
penelope-architect-straight-bourbon-whiskey-750ml,Penelope Architect Straight Bourbon Whiskey 750ml,Bourbon,"bourbon, whiskey, straight-bourbon",Penelope Bourbon,TRUE,90.99,https://www.liquorstore-online.com/product_images/p_258896.webp,621e6dbfc6f9480bde6cac09
penelope-barrel-strength-four-grain-straight-bourbon-whiskey-a-batch-20-a-114-proof-750ml,Penelope Barrel Strength Four Grain Straight Bourbon Whiskey â Batch 20 â 114 Proof (750ml),Bourbon,"bourbon, whiskey, straight-bourbon",Penelope Barrel,TRUE,70.89,https://www.liquorstore-online.com/product_images/p_267907.webp,102427
penelope-bourbon-four-grain-bourbon-750ml,Penelope Bourbon Four Grain Bourbon 750ml,Bourbon,"bourbon, whiskey",Penelope Bourbon,TRUE,53.88,https://www.liquorstore-online.com/product_images/p_185160.webp,5c6841ea7e257712bc0ca7ad
penelope-bourbon-toasted-750ml,Penelope Bourbon Toasted (750ml),Bourbon,"bourbon, whiskey",Penelope Bourbon,TRUE,103.99,https://www.liquorstore-online.com/product_images/p_263022.webp,9846546
penelope-four-grain-bourbon-375ml,Penelope Four Grain Bourbon 375ml,Bourbon,"bourbon, whiskey",Bourbon,TRUE,41.89,https://www.liquorstore-online.com/product_images/p_259037.webp,684c44ee2feddd3d17964bd8
penelope-riviera-rose-cask-finished-750ml,Penelope Riviera Rose Cask Finished 750ml,Bourbon,"bourbon, whiskey",Penelope Bourbon,TRUE,108.99,https://www.liquorstore-online.com/product_images/p_259902.webp,69fb7efae228e00001f72259
penelope-wheated-straight-bourbon-whiskey-750ml,Penelope Wheated Straight Bourbon Whiskey 750ml,Bourbon,"bourbon, whiskey, straight-bourbon",Penelope Bourbon,TRUE,57.88,https://www.liquorstore-online.com/product_images/p_231552.webp,6759b20f4ca5b709b51f5fda
pinhook-bourbon-10-year-2025-release-750ml,Pinhook Bourbon 10-Year 2025 Release (750ml),Bourbon,"bourbon, whiskey",Pinhook Bourbon,TRUE,133.99,https://www.liquorstore-online.com/product_images/p_264499.webp,939100
pinhook-bourbon-9-year-2024-release-750ml,Pinhook Bourbon 9 Year 2024 Release (750ml),Bourbon,"bourbon, whiskey",Pinhook Bourbon,TRUE,118.99,https://www.liquorstore-online.com/product_images/p_263267.webp,1919545
pinhook-collaboration-no-4-bourbon-2025-release-750ml,Pinhook Collaboration No.4 Bourbon 2025 Release (750ml),Bourbon,"bourbon, whiskey",Pinhook Collaboration,TRUE,119.99,https://www.liquorstore-online.com/product_images/p_264500.webp,939104
pinhook-flagship-straight-bourbon-2025-750ml,Pinhook Flagship Straight Bourbon 2025 (750ml),Bourbon,"bourbon, whiskey, straight-bourbon",Pinhook Flagship,TRUE,61.89,https://www.liquorstore-online.com/product_images/p_263177.webp,919972
prichards-double-chocolate-bourbon-whiskey-750ml,Prichard's Double Chocolate Bourbon Whiskey (750ml),Bourbon,"bourbon, whiskey",Prichard's Double,TRUE,64.89,https://www.liquorstore-online.com/product_images/p_264153.webp,371235
proof-and-wood-the-presidential-dram-schneiders-single-barrel-8yr-bourbon-117.3-proof-700ml,Proof and Wood 'The Presidential Dram' Schneiders Single Barrel 8yr Bourbon 117.3 proof (700ml),Bourbon,"bourbon, whiskey, single-barrel",Proof and,TRUE,133.99,https://www.liquorstore-online.com/product_images/p_263377.webp,98675
proof-and-wood-the-representative-barrel-proof-4-year-old-straight-bourbon-whiskey-750ml,Proof and Wood 'The Representative' Barrel Proof 4 Year Old Straight Bourbon Whiskey (750ml),Bourbon,"bourbon, whiskey, straight-bourbon",Proof and,TRUE,64.89,https://www.liquorstore-online.com/product_images/p_262623.webp,976135
punchers-chance-kentucky-straight-bourbon-whiskey-750ml,Puncher's Chance Kentucky Straight Bourbon Whiskey (750ml),Bourbon,"bourbon, whiskey, straight-bourbon",Puncher's Chance,TRUE,54.89,https://www.liquorstore-online.com/product_images/p_264528.webp,94096291
quality-house-white-bourbon-1.75l,Quality House White Bourbon 1.75L,Bourbon,"bourbon, whiskey",Quality House,TRUE,48.89,https://www.liquorstore-online.com/product_images/p_181378.webp,572ffc6f69702d0d3e493800
rabbit-hole-dareringer-finished-in-px-sherry-casks-kentucky-straight-bourbon-whiskey-750ml,Rabbit Hole 'Dareringer' Finished in PX Sherry Casks Kentucky Straight Bourbon Whiskey 750ml,Bourbon,"bourbon, whiskey, straight-bourbon",Rabbit Hole,TRUE,115.98,https://www.liquorstore-online.com/product_images/p_177343.webp,5a6a8d940abe0a0481dd03c7
rabbit-hole-heigold-kentucky-straight-bourbon-whiskey-70cl-47.5-abv,Rabbit Hole - Heigold Kentucky Straight Bourbon Whiskey 70cl 47.5% ABV,Bourbon,"bourbon, whiskey, straight-bourbon",Rabbit Hole,TRUE,195.99,https://www.liquorstore-online.com/product_images/p_166452.webp,15390
rabbit-hole-cavehill-kentucky-straight-bourbon-whiskey-750ml,Rabbit Hole Cavehill Kentucky Straight Bourbon Whiskey 750ml,Bourbon,"bourbon, whiskey, straight-bourbon",Rabbit Hole,TRUE,95.99,https://www.liquorstore-online.com/product_images/p_177927.webp,5a6a8d8e0abe0a0481dd0390
rabbit-hole-heigold-rye-kentucky-straight-bourbon-750ml,Rabbit Hole Heigold Rye Kentucky Straight Bourbon 750ml,Bourbon,"bourbon, whiskey, straight-bourbon, rye",Rabbit Hole,TRUE,65.89,https://www.liquorstore-online.com/product_images/p_176775.webp,5d68b4190557624938c3871b
rare-character-limited-release-2025-batch-no-3-bourbon-whiskey-750ml,Rare Character Limited Release 2025 Batch No. 3 Bourbon Whiskey (750ml),Bourbon,"bourbon, whiskey",Rare Character,TRUE,283.49,https://www.liquorstore-online.com/product_images/p_263848.webp,685300
rare-hare-17-year-old-1953-anniversary-edition-straight-bourbon-whiskey-70cl-55.5-abv,Rare Hare - 17 year old 1953 Anniversary Edition Straight Bourbon Whiskey 70cl 55.5% ABV,Bourbon,"bourbon, whiskey, straight-bourbon",Rare Hare,TRUE,2091.99,https://www.liquorstore-online.com/product_images/p_221380.webp,18565
rattlesnake-rosies-chocolate-peanut-butter-pie-bourbon-cream-750ml,Rattlesnake Rosie's Chocolate Peanut Butter Pie Bourbon Cream 750ml,Bourbon,"bourbon, whiskey",Iron Smoke,TRUE,56.88,https://www.liquorstore-online.com/product_images/p_212598.webp,61f027259b4bf602a0c27788
rd-one-oak-and-maple-bourbon-750ml,RD One Oak And Maple Bourbon 750ml,Bourbon,"bourbon, whiskey",Rd1,TRUE,101.99,https://www.liquorstore-online.com/product_images/p_252609.webp,644821b5beb7a344371f9308
rebel-10-year-old-single-barrel-bourbon-whiskey-75cl-50-abv,Rebel - 10 year old Single Barrel Bourbon Whiskey 75cl 50% ABV,Bourbon,"bourbon, whiskey, single-barrel",Rebel Yell,TRUE,414.99,https://www.liquorstore-online.com/product_images/p_167210.webp,12049
rebel-100-proof-oloroso-cask-kentucky-straight-bourbon-whiskey-70cl-50-abv,Rebel - 100% Proof - Oloroso Cask - Kentucky Straight Bourbon Whiskey 70cl 50% ABV,Bourbon,"bourbon, whiskey, straight-bourbon",Rebel,TRUE,195.99,https://www.liquorstore-online.com/product_images/p_229803.webp,21962
rebel-6-year-old-100-proof-kentucky-straight-bourbon-whiskey-70cl-50-abv,Rebel - 6 year old 100% Proof Kentucky Straight Bourbon Whiskey 70cl 50% ABV,Bourbon,"bourbon, whiskey, straight-bourbon",Rebel,TRUE,204.99,https://www.liquorstore-online.com/product_images/p_229804.webp,21963
rebel-cask-strength-barrel-straight-bourbon-whiskey-120-proof-750ml,Rebel Cask Strength Barrel Straight Bourbon Whiskey 120 Proof (750ml),Bourbon,"bourbon, whiskey, straight-bourbon",Rebel Cask,TRUE,54.89,https://www.liquorstore-online.com/product_images/p_265099.webp,100769
rebel-cask-strength-wheated-kentucky-straight-bourbon-whiskey-a-single-barrel-a-burlington-wines-spirits-selection750ml,Rebel Cask Strength Wheated Kentucky Straight Bourbon Whiskey â Single Barrel â Burlington Wines & Spirits Selection(750ml),Bourbon,"bourbon, whiskey, single-barrel, straight-bourbon",Rebel Cask,TRUE,64.89,https://www.liquorstore-online.com/product_images/p_267912.webp,102435
rebel-yell-10-year-old-single-barrel-kentucky-straight-bourbon-whiskey-750ml,Rebel Yell 10 Year Old Single Barrel Kentucky Straight Bourbon Whiskey 750ml,Bourbon,"bourbon, whiskey, single-barrel, straight-bourbon",Rebel Yell,TRUE,126.99,https://www.liquorstore-online.com/product_images/p_222652.webp,667b43d78ca9983b8cc189c0
rebel-yell-bourbon-100proof-50ml,Rebel Yell Bourbon 100proof (50ml),Bourbon,"bourbon, whiskey",Rebel Yell,TRUE,26.89,https://www.liquorstore-online.com/product_images/p_262198.webp,178640
rebel-yell-bourbon-100proof-750ml,Rebel Yell Bourbon 100proof - (750ml),Bourbon,"bourbon, whiskey",Rebel Yell Bourbon 100proof,TRUE,49.89,https://www.liquorstore-online.com/product_images/p_262620.webp,282954
redemption-10-year-old-mgp-sourced-barrel-proof-114.4-proof-36-straight-high-rye-bourbon-whiskey-750ml-discontinued-750ml,Redemption 10 Year Old MGP Sourced Barrel Proof 114.4 Proof 36% Straight High Rye Bourbon Whiskey 750ml ( Discontinued ) 750ml,Bourbon,"bourbon, whiskey, straight-bourbon, rye",Redemption 10,TRUE,154.49,https://www.liquorstore-online.com/product_images/p_259601.webp,5a2d50454ce3f907abbe92ac
redemption-9-year-barrel-proof-bourbon-750ml,Redemption 9 Year Barrel Proof Bourbon 750ml,Bourbon,"bourbon, whiskey",Redemption 9,TRUE,123.97,https://www.liquorstore-online.com/product_images/p_181484.webp,5849ccafbfb2414f7ad6a3f1
redemption-high-rye-bourbon-whiskey-750ml,Redemption High Rye Bourbon Whiskey 750ml,Bourbon,"bourbon, whiskey, rye",Redemption High,TRUE,50.88,https://www.liquorstore-online.com/product_images/p_181151.webp,56dd1c5669702d1873610300
redemption-wheated-bourbon-750ml,Redemption Wheated Bourbon 750ml,Bourbon,"bourbon, whiskey",Redemption Wheated,TRUE,67.89,https://www.liquorstore-online.com/product_images/p_177978.webp,5775b6ad69702d6f64a74101
redwood-empire-devils-tower-high-rye-bourbon-750ml,Redwood Empire Devil's Tower High Rye Bourbon 750ml,Bourbon,"bourbon, whiskey, rye",Redwood Empire,TRUE,108.99,https://www.liquorstore-online.com/product_images/p_258132.webp,65837233f7eb037a16d6ff9c
redwood-empire-pipe-dream-101-bourbon-750ml,Redwood Empire Pipe Dream 101 Bourbon 750ml,Bourbon,"bourbon, whiskey",Redwood,TRUE,87.98,https://www.liquorstore-online.com/product_images/p_230443.webp,671af8ad644b33264272f844
redwood-empire-pipe-dream-bourbon-750ml,Redwood Empire Pipe Dream Bourbon 750ml,Bourbon,"bourbon, whiskey",Redwood Empire,TRUE,56.88,https://www.liquorstore-online.com/product_images/p_184671.webp,5d27d0e0c9bb180da08369ac
redwood-empire-pipe-dream-cask-strength-bourbon-750ml,Redwood Empire Pipe Dream Cask Strength Bourbon 750ml,Bourbon,"bourbon, whiskey",Redwood Empire,TRUE,108.99,https://www.liquorstore-online.com/product_images/p_256945.webp,635c33090b0fbb15d8b823c6
redwood-empire-screaming-titan-wheated-bourbon-whiskey-750ml,Redwood Empire Screaming Titan Wheated Bourbon Whiskey 750ml,Bourbon,"bourbon, whiskey",Redwood Empire,TRUE,108.99,https://www.liquorstore-online.com/product_images/p_229303.webp,6606ea6ae2f61c33b75a90a5
redwood-empire-straight-bourbon-grizzly-beast-bottled-in-bond-750ml,Redwood Empire Straight Bourbon Grizzly Beast Bottled In Bond 750ml,Bourbon,"bourbon, whiskey, straight-bourbon",Redwood Empire,TRUE,108.99,https://www.liquorstore-online.com/product_images/p_256709.webp,615dee7f559e3b2e5bcd2bb2
regimental-bourbon-750ml,Regimental Bourbon 750ml,Bourbon,"bourbon, whiskey",Regimental Bourbon,TRUE,56.88,https://www.liquorstore-online.com/product_images/p_186934.webp,5f6d02133d53fa2273b620fd
remington-reserve-open-season-blend-750ml,Remington Reserve Open Season Blend 750ml,Bourbon,"bourbon, whiskey",Bourbon,TRUE,64.89,https://www.liquorstore-online.com/product_images/p_252887.webp,68b61119269c865f44879fa2
republic-restoratives-borough-straight-bourbon-batch-no-04-apple-brandy-cask-750ml,Republic Restoratives Borough Straight Bourbon Batch No. 04 Apple Brandy Cask (750ml),Bourbon,"bourbon, whiskey, straight-bourbon",Republic Restoratives,TRUE,88.99,https://www.liquorstore-online.com/product_images/p_264630.webp,999986
reservoir-2-year-old-that-boutique-y-whisky-company-batch-1-bourbon-spirit-drink-50cl-46.6-abv,Reservoir - 2 year old That Boutique-y Whisky Company Batch #1 Bourbon Spirit Drink 50cl 46.6% ABV,Bourbon,"bourbon, whiskey",Reservoir,TRUE,207.99,https://www.liquorstore-online.com/product_images/p_187646.webp,9477
responsible-lee-california-straight-bourbon-750ml,Responsible Lee California Straight Bourbon (750ml),Bourbon,"bourbon, whiskey, straight-bourbon",Responsible Lee,TRUE,44.89,https://www.liquorstore-online.com/product_images/p_262684.webp,1234602
ridgemont-reserve-1792-barrel-select-kentucky-straight-bourbon-whiskey-8-year750ml,Ridgemont Reserve 1792 Barrel Select Kentucky Straight Bourbon Whiskey (8 Year)(750ml),Bourbon,"bourbon, whiskey, straight-bourbon",Ridgemont Reserve,TRUE,2803.99,https://www.liquorstore-online.com/product_images/p_264187.webp,92430018
rock-hill-farms-single-barrel-bourbon-750ml,Rock Hill Farms Single Barrel Bourbon (750ml),Bourbon,"bourbon, whiskey, single-barrel",Rock Hill,TRUE,377.99,https://www.liquorstore-online.com/product_images/p_261452.webp,130713
rotten-little-bastard-distillery-coosa-cut-straight-bourbon-750ml,Rotten Little Bastard Distillery 'Coosa Cut' Straight Bourbon (750ml),Bourbon,"bourbon, whiskey, straight-bourbon",Rotten Little,TRUE,74.89,https://www.liquorstore-online.com/product_images/p_262508.webp,187385
rough-rider-double-casked-straight-bourbon-750ml,Rough Rider Double Casked Straight Bourbon 750ml,Bourbon,"bourbon, whiskey, straight-bourbon",Rough Rider,TRUE,49.89,https://www.liquorstore-online.com/product_images/p_184884.webp,56c26d7b75627570b0f50000
row-94-whiskey-kentucky-straight-bourbon-whiskey-750ml,Row 94 Whiskey Kentucky Straight Bourbon Whiskey 750ml,Bourbon,"bourbon, whiskey, straight-bourbon",Row 94,TRUE,61.88,https://www.liquorstore-online.com/product_images/p_231196.webp,66df7bd918c660731b8358e5
rowans-creek-bourbon-750ml,Rowan's Creek Bourbon (750ml),Bourbon,"bourbon, whiskey",Rowan's Creek,TRUE,70.89,https://www.liquorstore-online.com/product_images/p_261582.webp,131628
rowans-creek-bourbon-750ml,Rowan's Creek Bourbon 750ml,Bourbon,"bourbon, whiskey",Willett Distillery,TRUE,70.89,https://www.liquorstore-online.com/product_images/p_177344.webp,565c43ca69702d7ee60b0000
russells-reserve-10-year-old-bourbon-750ml,Russell's Reserve 10 Year Old Bourbon 750ml,Bourbon,"bourbon, whiskey",Russell's Reserve,TRUE,69.83,https://www.liquorstore-online.com/product_images/p_176897.webp,56c291ad756275139da30300
russells-reserve-13-years-old-barrel-proof-750ml,Russells Reserve 13 Years Old Barrel Proof 750ml,Bourbon,"bourbon, whiskey",Russell's Reserve,TRUE,456.99,https://www.liquorstore-online.com/product_images/p_259893.webp,6a29b58db6269500015b94aa
sagamore-6-year-old-high-rye-straight-bourbon-whiskey-70cl-43-abv,Sagamore - 6 year old High Rye Straight Bourbon Whiskey 70cl 43% ABV,Bourbon,"bourbon, whiskey, straight-bourbon, rye",Sagamore,TRUE,182.99,https://www.liquorstore-online.com/product_images/p_260117.webp,26047
sagamore-high-rye-bourbon-750ml,Sagamore High Rye Bourbon 750ml,Bourbon,"bourbon, whiskey, rye",Bourbon,TRUE,85.99,https://www.liquorstore-online.com/product_images/p_260190.webp,6a344d73d1b5340001d3248c
sapling-maple-bourbon-750ml,Sapling Maple Bourbon 750ml,Bourbon,"bourbon, whiskey",Sapling Maple,TRUE,69.88,https://www.liquorstore-online.com/product_images/p_178158.webp,5be20138cf0a332ed7bd9d8f
shenks-bourbon-homestead-2026-750ml,Shenk's Bourbon Homestead 2026 - (750ml),Bourbon,"bourbon, whiskey",Shenk's Bourbon Homestead 2026,TRUE,255.99,https://www.liquorstore-online.com/product_images/p_268266.webp,102210
shucked-straight-bourbon-whiskey-750ml,SHUCKED STRAIGHT BOURBON WHISKEY 750ml,Bourbon,"bourbon, whiskey, straight-bourbon",SHUCKED STRAIGHT,TRUE,95.99,https://www.liquorstore-online.com/product_images/p_255932.webp,5f5047ced156b4639b1b8bd3
smooth-ambler-11-year-old-old-scout-single-barrel-bourbon-whiskey-75cl-50.3-abv,Smooth Ambler - 11 year old Old Scout Single Barrel Bourbon Whiskey 75cl 50.3% ABV,Bourbon,"bourbon, whiskey, single-barrel",Smooth Ambler,TRUE,920.99,https://www.liquorstore-online.com/product_images/p_135974.webp,8830
smooth-ambler-contradiction-bourbon-750ml,Smooth Ambler Contradiction Bourbon 750ml,Bourbon,"bourbon, whiskey",Smooth Ambler,TRUE,72.89,https://www.liquorstore-online.com/product_images/p_177457.webp,56c293f9756275139d750400
smooth-ambler-old-scout-straight-bourbon-750ml,Smooth Ambler Old Scout Straight Bourbon 750ml,Bourbon,"bourbon, whiskey, straight-bourbon",Smooth Ambler,TRUE,62.89,https://www.liquorstore-online.com/product_images/p_186225.png,5b0496a9ef454b56ee7ace00
sono-1420-bourbon-spirit-with-hemp-seed-750ml,Sono 1420 Bourbon Spirit with Hemp Seed 750ml,Bourbon,"bourbon, whiskey",Bourbon,TRUE,56.89,https://www.liquorstore-online.com/product_images/p_260617.webp,60623923de7a38354e681d59
southern-comfort-1.75l,Southern Comfort 1.75L,Bourbon,"bourbon, whiskey",So Comfort,TRUE,60.89,https://www.liquorstore-online.com/product_images/p_184982.webp,60fc777521241860689f224d
springbank-14-year-old-bourbon-wood-campbeltown-single-malt-scotch-2002-whisky-70cl-55.8-abv,Springbank - 14 year old Bourbon Wood Campbeltown Single Malt Scotch 2002 Whisky 70cl 55.8% ABV,Bourbon,"bourbon, whiskey, single-malt",Springbank,TRUE,2478.99,https://www.liquorstore-online.com/product_images/p_210139.webp,8314
stagg-barrel-proof-straight-bourbon-whiskey-750ml,Stagg Barrel Proof Straight Bourbon Whiskey (750ml),Bourbon,"bourbon, whiskey, straight-bourbon",Stagg Barrel,TRUE,255.99,https://www.liquorstore-online.com/product_images/p_268387.webp,7496582
stagg-jr-batch-23c-barrel-proof-kentucky-straight-bourbon-whiskey-75cl-62.95-abv,Stagg Jr - Batch 23C Barrel Proof Kentucky Straight Bourbon Whiskey 75cl 62.95% ABV,Bourbon,"bourbon, whiskey, straight-bourbon",Stagg Jr,TRUE,627.99,https://www.liquorstore-online.com/product_images/p_221796.webp,20706
stagg-jr-bourbon-batch-6-132.5-proof-750ml,Stagg Jr Bourbon Batch 6 132.5 Proof (750ml),Bourbon,"bourbon, whiskey",Stagg Jr,TRUE,737.99,https://www.liquorstore-online.com/product_images/p_264713.webp,959938
starlight-carl-t-indiana-bourbon-750ml,Starlight Carl T. Indiana Bourbon 750ml,Bourbon,"bourbon, whiskey",Starlight Double,TRUE,51.89,https://www.liquorstore-online.com/product_images/p_218126.webp,62ad3af865c18d2be30c1a55
starlight-distillery-small-batch-double-oak-carl-t-bourbon-750ml,Starlight Distillery Small Batch Double Oak Carl T Bourbon 750ml,Bourbon,"bourbon, whiskey, small-batch",Starlight Distillery,TRUE,85.99,https://www.liquorstore-online.com/product_images/p_256461.webp,642cfcfcf195873667793e1b
starlight-distillery-vdn-barrels-750ml,Starlight Distillery Vdn Barrels 750ml,Bourbon,"bourbon, whiskey",Starlight Distillery,TRUE,99.99,https://www.liquorstore-online.com/product_images/p_256121.webp,6291226ce9aced2f87283576
starlight-honey-reserve-bourbon-750ml,Starlight Honey Reserve Bourbon 750ml,Bourbon,"bourbon, whiskey",Starlight Distillery,TRUE,105.99,https://www.liquorstore-online.com/product_images/p_258006.webp,689bccd18094625aa341bf32
starlight-toasted-barrel-bourbon-whiskey-750ml,Starlight Toasted Barrel Bourbon Whiskey 750ml,Bourbon,"bourbon, whiskey",Starlight Distillery,TRUE,105.99,https://www.liquorstore-online.com/product_images/p_256923.webp,66230df508326c13ff72b293
stars-platinum-bourbon-750ml,Stars Platinum Bourbon 750ml,Bourbon,"bourbon, whiskey",15 Stars,TRUE,337.99,https://www.liquorstore-online.com/product_images/p_259975.webp,649f7b76af36192eada848ca
strathclyde-26-year-old-coopers-choice-single-bourbon-cask-243388-1993-whisky-70cl-52.5-abv,Strathclyde - 26 year old Cooper's Choice - Single Bourbon Cask #243388 1993 Whisky 70cl 52.5% ABV,Bourbon,"bourbon, whiskey",Strathclyde,TRUE,652.99,https://www.liquorstore-online.com/product_images/p_134663.webp,12792
strathclyde-28-year-old-coopers-choice-single-bourbon-cask-243393-1993-whisky-70cl-49.5-abv,Strathclyde - 28 year old Cooper's Choice - Single Bourbon Cask #243393 1993 Whisky 70cl 49.5% ABV,Bourbon,"bourbon, whiskey",Strathclyde,TRUE,561.99,https://www.liquorstore-online.com/product_images/p_231282.webp,17199
stray-oak-bourbon-750ml,Stray Oak Bourbon (750ml),Bourbon,"bourbon, whiskey",Stray Oak,TRUE,69.89,https://www.liquorstore-online.com/product_images/p_267374.webp,101993
sullivans-cove-12-year-old-american-oak-ex-bourbon-single-cask-0351-2008-whisky-70cl-46.5-abv,Sullivans Cove - 12 year old American Oak Ex Bourbon Single Cask #0351 2008 Whisky 70cl 46.5% ABV,Bourbon,"bourbon, whiskey",Sullivans Cove,TRUE,1284.99,https://www.liquorstore-online.com/product_images/p_229086.webp,21230
taconic-distillery-cask-strength-rye-whiskey-750ml,Taconic Distillery Cask Strength Rye Whiskey 750ml,Bourbon,"bourbon, whiskey, rye",Taconic Distillery,TRUE,95.99,https://www.liquorstore-online.com/product_images/p_183411.webp,6248b6f16cb28f36a7ebcec7
taconic-double-barrel-maple-bourbon-750ml,Taconic Double Barrel Maple Bourbon 750ml,Bourbon,"bourbon, whiskey",Double Barrel,TRUE,71.78,https://www.liquorstore-online.com/product_images/p_181227.webp,6248a85d1baafb78e218bda3
taconic-dutchess-private-reserve-750ml,Taconic Dutchess Private Reserve 750ml,Bourbon,"bourbon, whiskey",Taconic Distillery,TRUE,66.88,https://www.liquorstore-online.com/product_images/p_186542.png,6248af2c6cb28f74f85d9147
templeton-bourbon-750ml,Templeton Bourbon (750ml),Bourbon,"bourbon, whiskey",Templeton Bourbon,TRUE,64.89,https://www.liquorstore-online.com/product_images/p_262951.webp,385
ten-high-bourbon-750ml,Ten High Bourbon 750ml,Bourbon,"bourbon, whiskey",Ten High,TRUE,37.89,https://www.liquorstore-online.com/product_images/p_183763.webp,6351b865d37e2d7ff7137215
that-boutique-y-whisky-company-24-year-old-batch-1-bourbon-whiskey-50cl-48-abv,That Boutique-y Whisky Company - 24 year old Batch #1 Bourbon Whiskey 50cl 48% ABV,Bourbon,"bourbon, whiskey",That Boutique-y Whisky Company,TRUE,691.99,https://www.liquorstore-online.com/product_images/p_187656.webp,11530
the-english-5-year-old-1st-fill-bourbon-cask-matured-small-batch-single-malt-2016-whisky-70cl-46-abv,The English - 5 year old 1st Fill Bourbon Cask Matured Small Batch Single Malt 2016 Whisky 70cl 46% ABV,Bourbon,"bourbon, whiskey, small-batch, single-malt",The English,TRUE,198.99,https://www.liquorstore-online.com/product_images/p_166664.webp,14098
the-federalist-cabernet-sauvignon-aged-in-bourbon-barrels-750ml,The Federalist Cabernet Sauvignon Aged In Bourbon Barrels 750ml,Bourbon,"bourbon, whiskey",The Federalist,TRUE,54.89,https://www.liquorstore-online.com/product_images/p_256936.webp,5e1e55ec97a81968283f80c1
the-federalist-zinfandel-bourbon-barrel-aged-750ml,The Federalist Zinfandel Bourbon Barrel Aged 750ml,Bourbon,"bourbon, whiskey",The Federalist,TRUE,49.89,https://www.liquorstore-online.com/product_images/p_186995.webp,5899da92bfb24144dfe3d198
the-glenlivet-fusion-cask-rum-bourbon-cask-selection-single-malt-scotch-whisky-750ml,The Glenlivet 'Fusion Cask' Rum & Bourbon Cask Selection Single Malt Scotch Whisky (750ml),Bourbon,"bourbon, whiskey, single-malt",The Glenlivet,TRUE,155.49,https://www.liquorstore-online.com/product_images/p_262731.webp,GlenFusion
the-other-49-straight-bourbon-750ml,The Other 49 Straight Bourbon (750ml),Bourbon,"bourbon, whiskey, straight-bourbon",The Other,TRUE,46.89,https://www.liquorstore-online.com/product_images/p_266910.webp,656327
the-pyrenean-drinks-co-bourbon-american-whiskey-3cl-x-5-40-abv-5-x-3cl-tasting-set,The Pyrenean Drinks Co. - Bourbon & American Whiskey 3cl x 5 40% ABV (5 x 3cl)- Tasting Set,Bourbon,"bourbon, whiskey",The Pyrenean Drinks Co.,TRUE,126.99,https://www.liquorstore-online.com/product_images/p_252415.webp,24524
thomas-s-moore-kentucky-straight-bourbon-whiskey-cabernet-sauvignon-finish-750ml,Thomas S Moore Kentucky Straight Bourbon Whiskey Cabernet Sauvignon Finish 750ml,Bourbon,"bourbon, whiskey, straight-bourbon",Thomas S,TRUE,98.98,https://www.liquorstore-online.com/product_images/p_177541.webp,6009e5a4cd0da325e05086a5
thomas-s-moore-kentucky-straight-bourbon-whiskey-chardonnay-finish-750ml,Thomas S Moore Kentucky Straight Bourbon Whiskey Chardonnay Finish 750ml,Bourbon,"bourbon, whiskey, straight-bourbon",Thomas S,TRUE,99.98,https://www.liquorstore-online.com/product_images/p_176947.webp,6009e5a45c45994f9b0a6ab8
thomas-s-moore-port-cask-bourbon-750ml,Thomas S Moore Port Cask Bourbon 750ml,Bourbon,"bourbon, whiskey",Thomas S,TRUE,102.98,https://www.liquorstore-online.com/product_images/p_177444.webp,6009e5a4b325153932bb350d
three-chord-backstage-series-halestorm-750ml,Three Chord Backstage Series Halestorm 750ml,Bourbon,"bourbon, whiskey",Three Chord,TRUE,93.99,https://www.liquorstore-online.com/product_images/p_258656.webp,655e141e4160554362ec373f
three-chord-bourbon-cream-750ml,Three Chord Bourbon Cream 750ml,Bourbon,"bourbon, whiskey",Three Chord,TRUE,55.89,https://www.liquorstore-online.com/product_images/p_257411.webp,621e6d2b4cc1a835a696d83b
three-chord-bourbon-custom-barrel-blend-95-proof,Three Chord Bourbon Custom Barrel Blend 95 Proof 375ml,Bourbon,"bourbon, whiskey",Three Chord,TRUE,103.99,https://www.liquorstore-online.com/product_images/p_264586.webp,83341731
three-chord-flipside-triple-wood-kentucky-straight-bourbon-750ml,Three Chord Flipside Triple Wood Kentucky Straight Bourbon 750ml,Bourbon,"bourbon, whiskey, straight-bourbon",Three Chord,TRUE,63.89,https://www.liquorstore-online.com/product_images/p_258211.webp,6880221f2ba0da12655e373d
three-chord-strange-collab-kentucky-bourbon-pinor-noir-cask-finish-750ml,Three Chord Strange Collab Kentucky Bourbon Pinor Noir Cask Finish 750ml,Bourbon,"bourbon, whiskey",Three Chord,TRUE,65.89,https://www.liquorstore-online.com/product_images/p_258681.webp,6881609d904d681f1d8797c6
three-chord-strange-collaboration-750ml,Three Chord Strange Collaboration 750ml,Bourbon,"bourbon, whiskey",Three Chord,TRUE,68.89,https://www.liquorstore-online.com/product_images/p_202234.webp,5fb3f72c32507f22cd50d6c4
tincup-10-year-bourbon-750ml,Tincup 10 Year Bourbon 750ml,Bourbon,"bourbon, whiskey",TINCUP,TRUE,86.98,https://www.liquorstore-online.com/product_images/p_188300.webp,59655b5c355d0935c14d8e31
tomatin-20-year-old-single-ex-bourbon-cask-40389-2005-whisky-70cl-54.3-abv-uk-exclusive,Tomatin - 20 year old Single Ex-Bourbon Cask #40389 2005 Whisky 70cl 54.3% ABV (UK Exclusive),Bourbon,"bourbon, whiskey",Tomatin,TRUE,414.99,https://www.liquorstore-online.com/product_images/p_250643.webp,23851
tomintoul-12-year-old-single-bourbon-cask-11574-2007-whisky-70cl-65.7-abv,Tomintoul - 12 year old Single Bourbon Cask #11574 2007 Whisky 70cl 65.7% ABV,Bourbon,"bourbon, whiskey",Tomintoul,TRUE,286.99,https://www.liquorstore-online.com/product_images/p_138713.webp,13216
tomintoul-19-year-old-single-bourbon-cask-37-2001-whisky-70cl-58.4-abv,Tomintoul - 19 year old Single Bourbon Cask #37 2001 Whisky 70cl 58.4% ABV,Bourbon,"bourbon, whiskey",Tomintoul,TRUE,437.99,https://www.liquorstore-online.com/product_images/p_138607.webp,13213
tottori-bourbon-cask-whiskey-750ml,Tottori Bourbon Cask Whiskey (750ml),Bourbon,"bourbon, whiskey",Tottori Bourbon,TRUE,64.89,https://www.liquorstore-online.com/product_images/p_262492.webp,187447
travelers-point-90-proof-bourbon-whiskey-750ml,Travelers Point 90 Proof Bourbon Whiskey (750ml),Bourbon,"bourbon, whiskey",Travelers Point,TRUE,73.68,https://www.liquorstore-online.com/product_images/p_267701.webp,102212
travelers-point-97-proof-wheated-bourbon-whiskey-750ml,Travelers Point 97 Proof Wheated Bourbon Whiskey (750ml),Bourbon,"bourbon, whiskey",Travelers Point,TRUE,73.68,https://www.liquorstore-online.com/product_images/p_267705.webp,102219
travelers-point-barrel-proof-bourbon-whiskey-750ml,Travelers Point Barrel Proof Bourbon Whiskey (750ml),Bourbon,"bourbon, whiskey",Travelers Point,TRUE,90.90,https://www.liquorstore-online.com/product_images/p_267706.webp,102220
travelers-point-barrel-proof-wheated-bourbon-whiskey-750ml,Travelers Point Barrel Proof Wheated Bourbon Whiskey (750ml),Bourbon,"bourbon, whiskey",Travelers Point,TRUE,90.90,https://www.liquorstore-online.com/product_images/p_267707.webp,102221
traverse-city-american-cherry-edition-bourbon-whiskey-750ml,Traverse City American Cherry Edition Bourbon Whiskey 750ml,Bourbon,"bourbon, whiskey",Traverse City,TRUE,59.88,https://www.liquorstore-online.com/product_images/p_178297.webp,5b1fa9b02f57ec1e10978420
traverse-city-barrel-proof-bourbon-750ml,Traverse City Barrel Proof Bourbon 750ml,Bourbon,"bourbon, whiskey",Traverse City,TRUE,108.98,https://www.liquorstore-online.com/product_images/p_177063.png,58585c2a39e21c3fb6d1278f
traverse-city-straight-bourbon-xxx-750ml,Traverse City Straight Bourbon XXX 750ml,Bourbon,"bourbon, whiskey, straight-bourbon",Traverse City,TRUE,59.88,https://www.liquorstore-online.com/product_images/p_177523.webp,5aaafe9ebaa7135969867429
tumblin-dice-7-year-single-barrell-bourbon-7-year-123.04-proof-750ml,Tumblin Dice 7 Year Single Barrell Bourbon 7 Year 123.04 proof (750ml),Bourbon,"bourbon, whiskey, single-barrel",Tumblin Dice,TRUE,103.99,https://www.liquorstore-online.com/product_images/p_264635.webp,49282979
turkey-tom-be-thankful-american-bourbon-whiskey-75cl-40-abv,Turkey Tom - Be Thankful American Bourbon Whiskey 75cl 40% ABV,Bourbon,"bourbon, whiskey",Turkey Tom,TRUE,336.99,https://www.liquorstore-online.com/product_images/p_259336.webp,25867
undisclosed-irish-15-year-old-cut-your-wolf-loose-edition-18-single-bourbon-cask-2002-whisky-70cl-56.9-abv0,Undisclosed Irish - 15 year old Cut Your Wolf Loose Edition #18 Single Bourbon Cask 2002 Whisky 70cl 56.9% ABV0,Bourbon,"bourbon, whiskey",Undisclosed Irish,TRUE,260.99,https://www.liquorstore-online.com/product_images/p_253255.webp,25206
undisclosed-orkney-16-year-old-skara-brae-coopers-choice-single-bourbon-cask-22-2005-whisky-70cl-57-abv,Undisclosed Orkney - 16 year old Skara Brae - Cooper's Choice - Single Bourbon Cask #22 2005 Whisky 70cl 57% ABV,Bourbon,"bourbon, whiskey",Undisclosed Orkney,TRUE,289.99,https://www.liquorstore-online.com/product_images/p_166635.webp,14573
undisclosed-orkney-8-year-old-claxtons-exploration-series-bourbon-hogshead-whisky-70cl-50-abv,Undisclosed Orkney - 8 year old Claxton's Exploration Series Bourbon Hogshead Whisky 70cl 50% ABV,Bourbon,"bourbon, whiskey",Undisclosed Orkney,TRUE,201.99,https://www.liquorstore-online.com/product_images/p_202051.webp,18393
vermont-ice-maple-bourbon-creme-750ml,Vermont Ice Maple Bourbon Creme 750ml,Bourbon,"bourbon, whiskey",Vermont Ice,TRUE,59.89,https://www.liquorstore-online.com/product_images/p_181866.webp,614b762de7a6574825c97e5d
vintage-bourbon-23-year-old-750ml,Vintage Bourbon 23 Year Old (750ml),Bourbon,"bourbon, whiskey",Vintage Bourbon,TRUE,4433.99,https://www.liquorstore-online.com/product_images/p_264172.webp,8172515
virginia-distilling-co-courage-conviction-american-single-malt-whisky-bourbon-cask-750,Virginia Distilling Co Courage & Conviction American single Malt Whisky Bourbon Cask 750 750ml,Bourbon,"bourbon, whiskey, single-malt",Virginia Distilling,TRUE,89.99,https://www.liquorstore-online.com/product_images/p_262604.webp,856084008063
virginia-distilling-co-goose-island-bourbon-county-stout-bottled-in-bond-stout-cask-finish-750ml,Virginia Distilling Co. Goose Island Bourbon County Stout Bottled-In-Bond Stout Cask Finish (750ml),Bourbon,"bourbon, whiskey",Virginia Distilling,TRUE,88.99,https://www.liquorstore-online.com/product_images/p_264305.webp,987801
wb-saffell-kentucky-straight-bourbon-375ml,WB Saffell Kentucky Straight Bourbon 375ml,Bourbon,"bourbon, whiskey, straight-bourbon",Hi%,TRUE,99.99,https://www.liquorstore-online.com/product_images/p_256129.webp,5c141a6020c8ba1c088b482b
weed-oak-cellars-straight-bourbon-whiskey-91-proof-750ml,Weed Oak Cellars Straight Bourbon Whiskey 91 Proof 750ml,Bourbon,"bourbon, whiskey, straight-bourbon",Whiskey,TRUE,58.89,https://www.liquorstore-online.com/product_images/p_181147.png,5fb851cc83d64f3921414ae4
weller-12-year-old-kentucky-straight-wheated-bourbon-whiskey-750ml,Weller 12 Year Old Kentucky Straight Wheated Bourbon Whiskey (750ml),Bourbon,"bourbon, whiskey, straight-bourbon",Weller 12,TRUE,255.99,https://www.liquorstore-online.com/product_images/p_261836.webp,146016
weller-antique-107-kentucky-straight-wheated-bourbon-whiskey-750ml,Weller Antique 107 Kentucky Straight Wheated Bourbon Whiskey (750ml),Bourbon,"bourbon, whiskey, straight-bourbon",Weller Antique,TRUE,195.49,https://www.liquorstore-online.com/product_images/p_262436.webp,188005
weller-bourbon-antique-107-750ml,Weller Bourbon Antique  107 750ml,Bourbon,"bourbon, whiskey",Weller Bourbon,TRUE,185.48,https://www.liquorstore-online.com/product_images/p_251083.webp,5521cefc6561310003e20300
weller-full-proof-kentucky-straight-wheated-bourbon-whiskey-750ml,Weller Full Proof Kentucky Straight Wheated Bourbon Whiskey (750ml),Bourbon,"bourbon, whiskey, straight-bourbon",Weller Full,TRUE,215.99,https://www.liquorstore-online.com/product_images/p_262142.webp,173849
west-cork-distillers-bourbon-cask-irish-whisky-750ml,West Cork Distillers Bourbon Cask Irish Whisky 750ml,Bourbon,"bourbon, whiskey",West Cork,TRUE,51.88,https://www.liquorstore-online.com/product_images/p_177954.webp,5716a85369702d25001e0500
western-reserve-distillers-10-year-old-bourbon-whiskey-750ml,Western Reserve Distillers 10 Year Old Bourbon Whiskey (750ml),Bourbon,"bourbon, whiskey",Western Reserve,TRUE,108.99,https://www.liquorstore-online.com/product_images/p_264597.webp,17466019
whistlepig-the-boss-hog-viii-lapulapus-pacific-bourbon-straight-rye-whiskey-70cl-52.4-abv,WhistlePig - The Boss Hog VIII - LapuLapu’s Pacific Bourbon Straight Rye Whiskey 70cl 52.4% ABV,Bourbon,"bourbon, whiskey, straight-bourbon, rye",WhistlePig,TRUE,1383.99,https://www.liquorstore-online.com/product_images/p_202118.webp,18572
whistlepig-piggyback-6-year-single-barrel-bourbon-whiskey-a-castle-liquors-selection-a-117.7-proof-750ml,WhistlePig PiggyBack 6 Year Single Barrel Bourbon Whiskey â Castle Liquors Selection â 117.7 Proof (750ml),Bourbon,"bourbon, whiskey, single-barrel",WhistlePig PiggyBack,TRUE,64.89,https://www.liquorstore-online.com/product_images/p_267906.webp,102426
whistlepig-piggyback-bourbon-6yr-750ml,Whistlepig Piggyback Bourbon 6yr 750ml,Bourbon,"bourbon, whiskey",Whistle Pig,TRUE,74.89,https://www.liquorstore-online.com/product_images/p_229162.webp,62b60aaf0dbb934650a652ef
white-peak-wire-works-bourbon-barrel-matured-english-single-malt-whisky-70cl-53.4-abv0,White Peak - Wire Works - Bourbon Barrel Matured English Single Malt Whisky 70cl 53.4% ABV0,Bourbon,"bourbon, whiskey, single-malt",White Peak,TRUE,207.99,https://www.liquorstore-online.com/product_images/p_251046.webp,24317
widow-jane-baby-jane-heirloom-corn-straight-bourbon-750ml,Widow Jane 'Baby Jane' Heirloom Corn Straight Bourbon (750ml),Bourbon,"bourbon, whiskey, straight-bourbon",Widow Jane,TRUE,88.99,https://www.liquorstore-online.com/product_images/p_263823.webp,658002
widow-jane-10-year-old-new-york-single-barrel-bourbon-whiskey-70cl-45.5-abv,Widow Jane - 10 year old New York Single Barrel Bourbon Whiskey 70cl 45.5% ABV,Bourbon,"bourbon, whiskey, single-barrel",Widow Jane,TRUE,266.99,https://www.liquorstore-online.com/product_images/p_182977.webp,12117
widow-jane-10-year-old-straight-bourbon-whiskey-750ml,Widow Jane 10 Year Old Straight Bourbon Whiskey (750ml),Bourbon,"bourbon, whiskey, straight-bourbon",Widow Jane,TRUE,119.99,https://www.liquorstore-online.com/product_images/p_261799.webp,143191
widow-jane-10-years-old-tequila-ocho-cask-finish-750ml,Widow Jane 10 Years Old Tequila Ocho Cask Finish 750ml,Bourbon,"bourbon, whiskey",Widow Jane,TRUE,109.99,https://www.liquorstore-online.com/product_images/p_255362.webp,69d6ba897f7ae800017fa5f8
widow-jane-baby-jane-bourbon-750ml,Widow Jane Baby Jane Bourbon 750ml,Bourbon,"bourbon, whiskey",Widow Jane,TRUE,72.89,https://www.liquorstore-online.com/product_images/p_222467.webp,662fba99e4311574ddbd593a
widow-jane-bourbon-750ml,Widow Jane Bourbon 750ml,Bourbon,"bourbon, whiskey",Widow Jane,TRUE,106.98,https://www.liquorstore-online.com/product_images/p_178194.webp,56e197d469702d64aa2f0000
widow-jane-decadence-bourbon-750ml,Widow Jane Decadence Bourbon 750ml,Bourbon,"bourbon, whiskey",Widow Jane,TRUE,128.98,https://www.liquorstore-online.com/product_images/p_212180.webp,5e86277178e8f1679e3b48b5
widow-jane-lucky-thirteen-bourbon-750ml,Widow Jane Lucky Thirteen Bourbon 750ml,Bourbon,"bourbon, whiskey",Widow Jane,TRUE,128.99,https://www.liquorstore-online.com/product_images/p_212182.webp,5f44119ae8627c1524ae2975
widow-jane-the-vaults-15-year-old-straight-bourbon-whiskey-750ml,Widow Jane The Vaults 15 Year Old Straight Bourbon Whiskey (750ml),Bourbon,"bourbon, whiskey, straight-bourbon",Widow Jane,TRUE,255.99,https://www.liquorstore-online.com/product_images/p_264589.webp,100122
wild-turkey-masters-keep-one-kentucky-straight-bourbon-whiskey-750ml,Wild Turkey 'Master's Keep' One Kentucky Straight Bourbon Whiskey  (750ml),Bourbon,"bourbon, whiskey, straight-bourbon",Wild Turkey,TRUE,507.99,https://www.liquorstore-online.com/product_images/p_262571.webp,189530
wild-turkey-8-year-old-101-kentucky-straight-bourbon-whiskey-75cl-50.5-abv-old-bottling,Wild Turkey - 8 year old 101 Kentucky Straight Bourbon Whiskey 75cl 50.5% ABV (Old Bottling),Bourbon,"bourbon, whiskey, straight-bourbon",Wild Turkey,TRUE,2478.99,https://www.liquorstore-online.com/product_images/p_252770.webp,24813
wild-turkey-81-kentucky-straight-bourbon-whiskey-70cl-20cl-40.5-abv-old-fashioned-cocktail-bundle,Wild Turkey - 81 Kentucky Straight Bourbon Whiskey 70cl + 20cl 40.5% ABV (Old Fashioned Cocktail Bundle),Bourbon,"bourbon, whiskey, straight-bourbon",Wild Turkey,TRUE,182.99,https://www.liquorstore-online.com/product_images/p_252959.webp,25008
wild-turkey-81-kentucky-straight-bourbon-whiskey-70cl-40.5-abv,Wild Turkey - 81 Kentucky Straight Bourbon Whiskey 70cl 40.5% ABV,Bourbon,"bourbon, whiskey, straight-bourbon",Wild Turkey,TRUE,132.99,https://www.liquorstore-online.com/product_images/p_221781.webp,20680
wild-turkey-wedgwood-crystal-decanter-101-kentucky-straight-bourbon-whiskey-100cl-50.5-abv0,Wild Turkey - Wedgwood Crystal Decanter 101 Kentucky Straight Bourbon Whiskey 100cl 50.5% ABV0,Bourbon,"bourbon, whiskey, straight-bourbon",Wild Turkey,TRUE,3433.99,https://www.liquorstore-online.com/product_images/p_252769.webp,24799
wild-turkey-101-bourbon-750ml,Wild Turkey 101  Bourbon 750ml,Bourbon,"bourbon, whiskey",Wild Turkey,TRUE,54.88,https://www.liquorstore-online.com/product_images/p_186203.webp,56c3377969702d27ed080900
wild-turkey-101-8-years-old-bourbon-750ml,Wild Turkey 101 8 Years Old Bourbon 750ml,Bourbon,"bourbon, whiskey",Wild Turkey,TRUE,66.88,https://www.liquorstore-online.com/product_images/p_231516.png,67f6aee7553cbc2fda15b0be
wild-turkey-101-bourbon-1.75l,Wild Turkey 101 Bourbon 1.75L,Bourbon,"bourbon, whiskey",Wild Turkey,TRUE,89.99,https://www.liquorstore-online.com/product_images/p_178360.webp,58585f5739e21c3fb6d129d3
wild-turkey-101-bourbon-1l,Wild Turkey 101 Bourbon 1L,Bourbon,"bourbon, whiskey",Wild Turkey,TRUE,60.89,https://www.liquorstore-online.com/product_images/p_177607.webp,565e82207562756b813d0000
wild-turkey-101-bourbon-200ml,Wild Turkey 101 Bourbon 200ml,Bourbon,"bourbon, whiskey",Wild Turkey,TRUE,35.89,https://www.liquorstore-online.com/product_images/p_184756.webp,56ebafe569702d5654313400
wild-turkey-101-bourbon-375ml,Wild Turkey 101 Bourbon 375ml,Bourbon,"bourbon, whiskey",Wild Turkey,TRUE,40.89,https://www.liquorstore-online.com/product_images/p_186337.webp,56ebafe569702d5654303400
wild-turkey-101-bourbon-600ml,Wild Turkey 101 Bourbon 600ml,Bourbon,"bourbon, whiskey",Wild Turkey,TRUE,85.99,https://www.liquorstore-online.com/product_images/p_258803.webp,56dd1c6b69702d18733e0400
wild-turkey-bourbon-1.75l,Wild Turkey Bourbon 1.75L,Bourbon,"bourbon, whiskey",Wild Turkey,TRUE,89.99,https://www.liquorstore-online.com/product_images/p_257440.webp,5734f2c969702d71de799f00
wild-turkey-bourbon-1l,Wild Turkey Bourbon 1L,Bourbon,"bourbon, whiskey",Wild Turkey,TRUE,56.89,https://www.liquorstore-online.com/product_images/p_258407.webp,56554add69702d30ba160000
wild-turkey-bourbon-375ml,Wild Turkey Bourbon 375ml,Bourbon,"bourbon, whiskey",Wild Turkey,TRUE,40.89,https://www.liquorstore-online.com/product_images/p_258299.webp,591305de5b7cef6c8d1ad316
wild-turkey-bourbon-750ml,Wild Turkey Bourbon 750ml,Bourbon,"bourbon, whiskey",Wild Turkey,TRUE,49.88,https://www.liquorstore-online.com/product_images/p_176975.webp,56c296ef756275139d8c0500
wild-turkey-bourbon-8-year-101-proof-750ml,Wild Turkey Bourbon 8-year 101 Proof (750ml),Bourbon,"bourbon, whiskey",Wild Turkey,TRUE,73.89,https://www.liquorstore-online.com/product_images/p_263825.webp,652100
wild-turkey-bourbon-kentucky-spirit-single-barrel-750ml,Wild Turkey Bourbon Kentucky Spirit Single Barrel 750ml,Bourbon,"bourbon, whiskey, single-barrel",Wild Turkey,TRUE,92.98,https://www.liquorstore-online.com/product_images/p_184497.webp,6272aa687a3f5e766b4e5748
wild-turkey-bourbon-kentucky-spirit-single-barrell-750ml,Wild Turkey Bourbon Kentucky Spirit Single Barrell (750ml),Bourbon,"bourbon, whiskey, single-barrel",Wild Turkey,TRUE,103.99,https://www.liquorstore-online.com/product_images/p_263761.webp,741013
wild-turkey-gold-foil-edition-16-year-kentucky-straight-bourbon-750ml,Wild Turkey Gold Foil Edition 16-Year Kentucky Straight Bourbon (750ml),Bourbon,"bourbon, whiskey, straight-bourbon",Wild Turkey,TRUE,1188.99,https://www.liquorstore-online.com/product_images/p_268270.webp,656332
wild-turkey-rare-breed-bourbon-750ml,Wild Turkey Rare Breed Bourbon 750ml,Bourbon,"bourbon, whiskey",Wild Turkey,TRUE,89.99,https://www.liquorstore-online.com/product_images/p_181461.webp,56553d8e69702d2923120000
wilderness-trail-bottled-in-bond-bourbon-whiskey-750ml,Wilderness Trail  Bottled In Bond Bourbon Whiskey 750ml,Bourbon,"bourbon, whiskey",Wilderness Trail,TRUE,72.89,https://www.liquorstore-online.com/product_images/p_188479.webp,64407c33962aef11d6dfafea
wilderness-trail-bourbon-wells-barrel-selection-750ml,Wilderness Trail Bourbon Wells Barrel Selection 750ml,Bourbon,"bourbon, whiskey",Wilderness Trail,TRUE,95.99,https://www.liquorstore-online.com/product_images/p_260137.webp,5d50761cd14b9925dd75f5f1
wilderness-trail-hi-rye-bourbon-schneiders-barrel-pick-114.2-750ml,Wilderness Trail Hi-Rye Bourbon Schneiders Barrel Pick 114.2 (750ml),Bourbon,"bourbon, whiskey, rye",Wilderness Trail,TRUE,93.99,https://www.liquorstore-online.com/product_images/p_263132.webp,502568851
wilderness-trail-straight-high-rye-bourbon-750ml,Wilderness Trail Straight High-Rye Bourbon 750ml,Bourbon,"bourbon, whiskey, straight-bourbon, rye",Wilderness,TRUE,90.99,https://www.liquorstore-online.com/product_images/p_259199.webp,5cd71bf5b7cf477c10e8b92c
wilderness-trail-straight-wheated-bourbon-750ml,Wilderness Trail Straight Wheated Bourbon 750ml,Bourbon,"bourbon, whiskey, straight-bourbon",Wilderness,TRUE,90.99,https://www.liquorstore-online.com/product_images/p_210133.png,5ada7c9533e88928f50e11a8
wilderness-trail-wheated-bourbon-schneiders-barrel-pick-112.4-750ml,Wilderness Trail Wheated Bourbon Schneiders Barrel Pick 112.4 (750ml),Bourbon,"bourbon, whiskey",Wilderness Trail,TRUE,93.99,https://www.liquorstore-online.com/product_images/p_263133.webp,503897621
wilderness-trail-yellow-label-wheated-bottled-in-bond-kentucky-straight-bourbon-whiskey-750ml,Wilderness Trail Yellow Label Wheated Bottled in Bond Kentucky Straight Bourbon Whiskey (750ml),Bourbon,"bourbon, whiskey, straight-bourbon",Wilderness Trail,TRUE,91.99,https://www.liquorstore-online.com/product_images/p_264599.webp,93035939
willett-bourbon-10-year-barrel-no-2070-126.2-wu-19er-cru-750ml,"Willett Bourbon 10 Year Barrel No. 2070 - 126.2 ""WU 19ER CRU"" (750ml)",Bourbon,"bourbon, whiskey",Willett Bourbon 10 Year Barrel No. 2070,TRUE,988.99,https://www.liquorstore-online.com/product_images/p_266222.webp,101497
willett-distillery-rare-release-4-year-cask-strength-bourbon-750ml,Willett Distillery Rare Release 4 Year Cask Strength Bourbon 750ml,Bourbon,"bourbon, whiskey",Bourbon,TRUE,92.98,https://www.liquorstore-online.com/product_images/p_252592.webp,691233f04fc6673760159f32
willett-family-estate-11-yr-bourbon-124.2-kindling-750ml,Willett Family Estate 11 Yr. Bourbon 124.2 'Kindling' (750ml),Bourbon,"bourbon, whiskey",Willett Family,TRUE,787.99,https://www.liquorstore-online.com/product_images/p_263764.webp,686522
willett-family-estate-bourbon-10-year-126.6-cantucci,Willett Family Estate Bourbon 10 year 126.6 Cantucci,Bourbon,"bourbon, whiskey",Willett Family,TRUE,737.99,https://www.liquorstore-online.com/product_images/p_262597.webp,WCantucci10yr
willett-family-estate-bourbon-10yr-123-stay-gold-750ml,Willett Family Estate Bourbon 10yr 123 (Stay Gold) (750ml),Bourbon,"bourbon, whiskey",Willett Family,TRUE,737.99,https://www.liquorstore-online.com/product_images/p_262399.webp,186539
willett-family-estate-small-batch-bourbon-4-year-750ml,Willett Family Estate Small Batch Bourbon 4-Year - (750ml),Bourbon,"bourbon, whiskey, small-batch",Willett Family Estate Small Batch Bourbon 4-Year,TRUE,103.99,https://www.liquorstore-online.com/product_images/p_264718.webp,959923
willett-fe-13yr-bourbon-paper-trail-750ml,Willett FE 13YR Bourbon 'Paper Trail' (750ml),Bourbon,"bourbon, whiskey",Willett FE,TRUE,938.99,https://www.liquorstore-online.com/product_images/p_265263.webp,646640
willett-fe-13yr-bourbon-sticky-fingers-750ml,Willett FE 13YR Bourbon 'Sticky Fingers' (750ml),Bourbon,"bourbon, whiskey",Willett FE,TRUE,938.99,https://www.liquorstore-online.com/product_images/p_268113.webp,656213
willett-fe-13yr-bourbon-118.6-proof-starting-over-750ml,Willett FE 13YR Bourbon 118.6 Proof 'Starting Over' (750ml),Bourbon,"bourbon, whiskey",Willett FE,TRUE,988.99,https://www.liquorstore-online.com/product_images/p_264715.webp,959926
willett-pot-still-cask-strength-bourbon-750ml,Willett Pot Still Cask Strength Bourbon (750ml),Bourbon,"bourbon, whiskey",Willett Pot,TRUE,106.99,https://www.liquorstore-online.com/product_images/p_267997.webp,656232
willett-pot-still-reserve-bourbon-50ml,Willett Pot Still Reserve Bourbon (50ml),Bourbon,"bourbon, whiskey",Willett Pot,TRUE,32.89,https://www.liquorstore-online.com/product_images/p_263198.webp,37547811
willett-pot-still-reserve-bourbon-750ml,Willett Pot Still Reserve Bourbon (750ml),Bourbon,"bourbon, whiskey",Willett Pot,TRUE,74.89,https://www.liquorstore-online.com/product_images/p_261293.webp,129984
willett-pot-still-reserve-kentucky-straight-bourbon-1.75l,Willett Pot Still Reserve Kentucky Straight Bourbon 1.75L,Bourbon,"bourbon, whiskey, straight-bourbon",Willett Distillery,TRUE,131.99,https://www.liquorstore-online.com/product_images/p_185244.webp,56c2747975627570b0350300
willett-pot-still-reserve-kentucky-straight-bourbon-750ml,Willett Pot Still Reserve Kentucky Straight Bourbon 750ml,Bourbon,"bourbon, whiskey, straight-bourbon",Willett Pot,TRUE,84.98,https://www.liquorstore-online.com/product_images/p_178418.webp,56c26e2875627570b02d0100
willett-speakeasy-bourbon-750-ml,Willett Speakeasy Bourbon (750 ml),Bourbon,"bourbon, whiskey",Willett Speakeasy,TRUE,60.89,https://www.liquorstore-online.com/product_images/p_263588.webp,2685947
william-larue-weller-12-year-old-antique-collection-2015-edition-kentucky-straight-bourbon-2003-whiskey-75cl-67.3-abv,William Larue Weller - 12 year old Antique Collection 2015 Edition Kentucky Straight Bourbon 2003 Whiskey 75cl 67.3% ABV,Bourbon,"bourbon, whiskey, straight-bourbon",William Larue Weller,TRUE,6121.99,https://www.liquorstore-online.com/product_images/p_229429.webp,6694
william-larue-weller-12-year-old-antique-collection-2020-edition-kentucky-straight-bourbon-2008-whiskey-70cl-67.25-abv,William Larue Weller - 12 year old Antique Collection 2020 Edition Kentucky Straight Bourbon 2008 Whiskey 70cl 67.25% ABV,Bourbon,"bourbon, whiskey, straight-bourbon",William Larue Weller,TRUE,4529.99,https://www.liquorstore-online.com/product_images/p_229434.webp,13111
william-larue-weller-c-y-p-b-kentucky-straight-bourbon-whiskey-75cl-47.5-abv,William Larue Weller - C.Y.P.B Kentucky Straight Bourbon Whiskey 75cl 47.5% ABV,Bourbon,"bourbon, whiskey, straight-bourbon",William Larue Weller,TRUE,959.99,https://www.liquorstore-online.com/product_images/p_248451.webp,21544
william-larue-weller-special-reserve-kentucky-straight-bourbon-whiskey-70cl-45-abv,William Larue Weller - Special Reserve Kentucky Straight Bourbon Whiskey 70cl 45% ABV,Bourbon,"bourbon, whiskey, straight-bourbon",William Larue Weller,TRUE,132.99,https://www.liquorstore-online.com/product_images/p_248005.webp,23211
william-wolf-pecan-bourbon-whiskey-750ml,William Wolf Pecan Bourbon Whiskey 750ml,Bourbon,"bourbon, whiskey",William Wolf,TRUE,44.88,https://www.liquorstore-online.com/product_images/p_178247.webp,5a7330c60abe0a4f48982aa8
woodford-reserve-2021-holiday-edition-kentucky-straight-bourbon-whiskey-70cl-43.2-abv-version-2,Woodford Reserve - 2021 Holiday Edition Kentucky Straight Bourbon Whiskey 70cl 43.2% ABV (Version #2),Bourbon,"bourbon, whiskey, straight-bourbon",Woodford Reserve,TRUE,414.99,https://www.liquorstore-online.com/product_images/p_228457.jpg,21514
woodford-reserve-2022-holiday-edition-kentucky-straight-bourbon-whiskey-100cl-45.2-abv-1-litre,Woodford Reserve - 2022 Holiday Edition Kentucky Straight Bourbon Whiskey 100cl 45.2% ABV (1 Litre),Bourbon,"bourbon, whiskey, straight-bourbon",Woodford Reserve,TRUE,214.99,https://www.liquorstore-online.com/product_images/p_253070.webp,25071
woodford-reserve-2025-holiday-edition-kentucky-straight-bourbon-whiskey-70cl-43.2-abv-ultimate-cocktail-gift-pack,Woodford Reserve - 2025 Holiday Edition Kentucky Straight Bourbon Whiskey 70cl 43.2% ABV Ultimate Cocktail Gift Pack,Bourbon,"bourbon, whiskey, straight-bourbon",Woodford Reserve,TRUE,201.99,https://www.liquorstore-online.com/product_images/p_252442.webp,24537
woodford-reserve-2025-holiday-edition-kentucky-straight-bourbon-whiskey-70cl-43.2-abv0,Woodford Reserve - 2025 Holiday Edition Kentucky Straight Bourbon Whiskey 70cl 43.2% ABV0,Bourbon,"bourbon, whiskey, straight-bourbon",Woodford Reserve,TRUE,175.99,https://www.liquorstore-online.com/product_images/p_252231.webp,24411
woodford-reserve-baccarat-edition-kentucky-straight-bourbon-whiskey-70cl-45.2-abv,Woodford Reserve - Baccarat Edition Kentucky Straight Bourbon Whiskey 70cl 45.2% ABV,Bourbon,"bourbon, whiskey, straight-bourbon",Woodford Reserve,TRUE,2608.99,https://www.liquorstore-online.com/product_images/p_135932.webp,12955
woodford-reserve-baccarat-edition-kentucky-straight-bourbon-whiskey-70cl-45.2-abv-includes-baccarat-glasses,Woodford Reserve - Baccarat Edition Kentucky Straight Bourbon Whiskey 70cl 45.2% ABV (Includes Baccarat Glasses),Bourbon,"bourbon, whiskey, straight-bourbon",Woodford Reserve,TRUE,2737.99,https://www.liquorstore-online.com/product_images/p_182774.webp,16989
woodford-reserve-distillers-select-kentucky-straight-bourbon-whiskey-5cl-45.2-abv-miniature,Woodford Reserve - Distiller's Select Kentucky Straight Bourbon Whiskey 5cl 45.2% ABV Miniature,Bourbon,"bourbon, whiskey, straight-bourbon",Woodford Reserve,TRUE,100.99,https://www.liquorstore-online.com/product_images/p_211260.webp,17395
woodford-reserve-distillers-select-kentucky-straight-bourbon-whiskey-5cl-x-12-45.2-abv-12-x-5cl-miniatures,Woodford Reserve - Distiller's Select Kentucky Straight Bourbon Whiskey 5cl x 12 45.2% ABV (12 x 5cl)- Miniatures,Bourbon,"bourbon, whiskey, straight-bourbon",Woodford Reserve,TRUE,182.99,https://www.liquorstore-online.com/product_images/p_211313.webp,19154
woodford-reserve-distillers-select-kentucky-straight-bourbon-whiskey-70cl-43.2-abv,Woodford Reserve - Distiller's Select Kentucky Straight Bourbon Whiskey 70cl 43.2% ABV,Bourbon,"bourbon, whiskey, straight-bourbon",Woodford Reserve,TRUE,175.99,https://www.liquorstore-online.com/product_images/p_136529.jpg,12377
woodford-reserve-distillers-select-kentucky-straight-bourbon-whiskey-70cl-43.2-abv-includes-branded-glass,Woodford Reserve - Distiller's Select Kentucky Straight Bourbon Whiskey 70cl 43.2% ABV (Includes Branded Glass),Bourbon,"bourbon, whiskey, straight-bourbon",Woodford Reserve,TRUE,175.99,https://www.liquorstore-online.com/product_images/p_188543.jpg,18160
woodford-reserve-distillers-select-kentucky-straight-bourbon-whiskey-70cl-43.2-abv-cocktail-gift-pack,Woodford Reserve - Distiller's Select Kentucky Straight Bourbon Whiskey 70cl 43.2% ABV Cocktail Gift Pack,Bourbon,"bourbon, whiskey, straight-bourbon",Woodford Reserve,TRUE,184.99,https://www.liquorstore-online.com/product_images/p_252573.webp,24624
woodford-reserve-distillers-select-kentucky-straight-bourbon-whiskey-70cl-43.2-abv-fathers-day-edition,Woodford Reserve - Distiller's Select Kentucky Straight Bourbon Whiskey 70cl 43.2% ABV Father's Day Edition,Bourbon,"bourbon, whiskey, straight-bourbon",Woodford Reserve,TRUE,175.99,https://www.liquorstore-online.com/product_images/p_167118.webp,13923
woodford-reserve-double-oaked-kentucky-straight-bourbon-whiskey-70cl-43.2-abv,Woodford Reserve - Double Oaked Kentucky Straight Bourbon Whiskey 70cl 43.2% ABV,Bourbon,"bourbon, whiskey, straight-bourbon",Woodford Reserve,TRUE,195.99,https://www.liquorstore-online.com/product_images/p_136195.webp,12378
woodford-reserve-double-oaked-kentucky-straight-bourbon-whiskey-70cl-43.2-abv-includes-branded-glass,Woodford Reserve - Double Oaked Kentucky Straight Bourbon Whiskey 70cl 43.2% ABV (Includes Branded Glass),Bourbon,"bourbon, whiskey, straight-bourbon",Woodford Reserve,TRUE,201.99,https://www.liquorstore-online.com/product_images/p_194025.webp,18161
woodford-reserve-kentucky-derby-142-kentucky-straight-bourbon-whiskey-100cl-45.2-abv-1-litre,Woodford Reserve - Kentucky Derby 142 Kentucky Straight Bourbon Whiskey 100cl 45.2% ABV (1 Litre),Bourbon,"bourbon, whiskey, straight-bourbon",Woodford Reserve,TRUE,691.99,https://www.liquorstore-online.com/product_images/p_226885.webp,21090
woodford-reserve-kentucky-derby-143-kentucky-straight-bourbon-whiskey-100cl-45.2-abv-1-litre,Woodford Reserve - Kentucky Derby 143 Kentucky Straight Bourbon Whiskey 100cl 45.2% ABV (1 Litre),Bourbon,"bourbon, whiskey, straight-bourbon",Woodford Reserve,TRUE,756.99,https://www.liquorstore-online.com/product_images/p_226874.webp,9456
woodford-reserve-kentucky-derby-145-kentucky-straight-bourbon-whiskey-100cl-45.2-abv-1-litre,Woodford Reserve - Kentucky Derby 145 Kentucky Straight Bourbon Whiskey 100cl 45.2% ABV (1 Litre),Bourbon,"bourbon, whiskey, straight-bourbon",Woodford Reserve,TRUE,362.99,https://www.liquorstore-online.com/product_images/p_226884.webp,21089
woodford-reserve-kentucky-derby-145-kentucky-straight-bourbon-whiskey-100cl-45.2-abv-1-litre-includes-branded-glass,Woodford Reserve - Kentucky Derby 145 Kentucky Straight Bourbon Whiskey 100cl 45.2% ABV (1 Litre)- (Includes Branded Glass),Bourbon,"bourbon, whiskey, straight-bourbon",Woodford Reserve,TRUE,401.99,https://www.liquorstore-online.com/product_images/p_248575.webp,23578
woodford-reserve-masters-collection-121.2-batch-proof-kentucky-straight-bourbon-whiskey-70cl-60.6-abv0,Woodford Reserve - Master's Collection 121.2 Batch Proof Kentucky Straight Bourbon Whiskey 70cl 60.6% ABV0,Bourbon,"bourbon, whiskey, straight-bourbon",Woodford Reserve,TRUE,349.99,https://www.liquorstore-online.com/product_images/p_252621.webp,24682
woodford-reserve-masters-collection-123.2-batch-proof-kentucky-straight-bourbon-whiskey-70cl-61.6-abv,Woodford Reserve - Master's Collection 123.2 Batch Proof Kentucky Straight Bourbon Whiskey 70cl 61.6% ABV,Bourbon,"bourbon, whiskey, straight-bourbon",Woodford Reserve,TRUE,522.99,https://www.liquorstore-online.com/product_images/p_185967.webp,17248
woodford-reserve-masters-collection-123.2-batch-proof-kentucky-straight-bourbon-whiskey-70cl-61.6-abv-includes-branded-glass,Woodford Reserve - Master's Collection 123.2 Batch Proof Kentucky Straight Bourbon Whiskey 70cl 61.6% ABV (Includes Branded Glass),Bourbon,"bourbon, whiskey, straight-bourbon",Woodford Reserve,TRUE,414.99,https://www.liquorstore-online.com/product_images/p_248578.webp,23582
woodford-reserve-masters-collection-123.6-batch-proof-kentucky-straight-bourbon-whiskey-70cl-61.8-abv,Woodford Reserve - Master's Collection 123.6 Batch Proof Kentucky Straight Bourbon Whiskey 70cl 61.8% ABV,Bourbon,"bourbon, whiskey, straight-bourbon",Woodford Reserve,TRUE,414.99,https://www.liquorstore-online.com/product_images/p_221438.webp,20297
woodford-reserve-masters-collection-123.6-batch-proof-kentucky-straight-bourbon-whiskey-70cl-61.8-abv-includes-branded-glass,Woodford Reserve - Master's Collection 123.6 Batch Proof Kentucky Straight Bourbon Whiskey 70cl 61.8% ABV (Includes Branded Glass),Bourbon,"bourbon, whiskey, straight-bourbon",Woodford Reserve,TRUE,522.99,https://www.liquorstore-online.com/product_images/p_248582.webp,23586
woodford-reserve-masters-collection-124.7-batch-proof-kentucky-straight-bourbon-whiskey-70cl-62.35-abv,Woodford Reserve - Master's Collection 124.7 Batch Proof Kentucky Straight Bourbon Whiskey 70cl 62.35% ABV,Bourbon,"bourbon, whiskey, straight-bourbon",Woodford Reserve,TRUE,349.99,https://www.liquorstore-online.com/product_images/p_228387.webp,21423
woodford-reserve-masters-collection-125.8-batch-proof-kentucky-straight-bourbon-whiskey-70cl-62.9-abv,Woodford Reserve - Master's Collection 125.8 Batch Proof Kentucky Straight Bourbon Whiskey 70cl 62.9% ABV,Bourbon,"bourbon, whiskey, straight-bourbon",Woodford Reserve,TRUE,920.99,https://www.liquorstore-online.com/product_images/p_213103.webp,12852
woodford-reserve-masters-collection-1838-style-white-corn-kentucky-straight-bourbon-whiskey-70cl-45.2-abv,Woodford Reserve - Master's Collection 1838 Style White Corn Kentucky Straight Bourbon Whiskey 70cl 45.2% ABV,Bourbon,"bourbon, whiskey, straight-bourbon",Woodford Reserve,TRUE,691.99,https://www.liquorstore-online.com/product_images/p_136349.webp,8354
woodford-reserve-masters-collection-brandy-cask-finish-kentucky-straight-bourbon-whiskey-70cl-45.2-abv,Woodford Reserve - Master's Collection Brandy Cask Finish Kentucky Straight Bourbon Whiskey 70cl 45.2% ABV,Bourbon,"bourbon, whiskey, straight-bourbon",Woodford Reserve,TRUE,627.99,https://www.liquorstore-online.com/product_images/p_135286.webp,9610
woodford-reserve-masters-collection-classic-malt-kentucky-straight-bourbon-whiskey-70cl-45.2-abv,Woodford Reserve - Master's Collection Classic Malt Kentucky Straight Bourbon Whiskey 70cl 45.2% ABV,Bourbon,"bourbon, whiskey, straight-bourbon",Woodford Reserve,TRUE,920.99,https://www.liquorstore-online.com/product_images/p_188666.webp,8352
woodford-reserve-masters-collection-five-malt-stouted-mash-kentucky-straight-bourbon-whiskey-70cl-45.2-abv,Woodford Reserve - Master's Collection Five-Malt Stouted Mash Kentucky Straight Bourbon Whiskey 70cl 45.2% ABV,Bourbon,"bourbon, whiskey, straight-bourbon",Woodford Reserve,TRUE,324.99,https://www.liquorstore-online.com/product_images/p_211788.webp,18923
woodford-reserve-masters-collection-historic-barrel-entry-kentucky-straight-bourbon-whiskey-70cl-45.2-abv,Woodford Reserve - Master's Collection Historic Barrel Entry Kentucky Straight Bourbon Whiskey 70cl 45.2% ABV,Bourbon,"bourbon, whiskey, straight-bourbon",Woodford Reserve,TRUE,349.99,https://www.liquorstore-online.com/product_images/p_228386.webp,21422
woodford-reserve-masters-collection-historic-barrel-entry-kentucky-straight-bourbon-whiskey-70cl-45.2-abv-includes-branded-glass,Woodford Reserve - Master's Collection Historic Barrel Entry Kentucky Straight Bourbon Whiskey 70cl 45.2% ABV (Includes Branded Glass),Bourbon,"bourbon, whiskey, straight-bourbon",Woodford Reserve,TRUE,349.99,https://www.liquorstore-online.com/product_images/p_248583.webp,23588
woodford-reserve-masters-collection-madeira-cask-finished-kentucky-straight-bourbon-whiskey-70cl-45.2-abv0,Woodford Reserve - Master's Collection Madeira Cask Finished Kentucky Straight Bourbon Whiskey 70cl 45.2% ABV0,Bourbon,"bourbon, whiskey, straight-bourbon",Woodford Reserve,TRUE,349.99,https://www.liquorstore-online.com/product_images/p_250873.webp,24180
woodford-reserve-masters-collection-maple-wood-finish-kentucky-straight-bourbon-whiskey-70cl-47.2-abv,Woodford Reserve - Master's Collection Maple Wood Finish Kentucky Straight Bourbon Whiskey 70cl 47.2% ABV,Bourbon,"bourbon, whiskey, straight-bourbon",Woodford Reserve,TRUE,985.99,https://www.liquorstore-online.com/product_images/p_226873.webp,7083
woodford-reserve-masters-collection-maple-wood-finish-kentucky-straight-bourbon-whiskey-70cl-47.2-abv-includes-branded-glass,Woodford Reserve - Master's Collection Maple Wood Finish Kentucky Straight Bourbon Whiskey 70cl 47.2% ABV (Includes Branded Glass),Bourbon,"bourbon, whiskey, straight-bourbon",Woodford Reserve,TRUE,985.99,https://www.liquorstore-online.com/product_images/p_248584.webp,23589
woodford-reserve-masters-collection-select-american-oak-kentucky-straight-bourbon-whiskey-70cl-45.2-abv,Woodford Reserve - Master's Collection Select American Oak Kentucky Straight Bourbon Whiskey 70cl 45.2% ABV,Bourbon,"bourbon, whiskey, straight-bourbon",Woodford Reserve,TRUE,756.99,https://www.liquorstore-online.com/product_images/p_134755.webp,12843
woodford-reserve-masters-collection-smoked-cherry-cask-finish-kentucky-straight-bourbon-whiskey-70cl-45.2-abv,Woodford Reserve - Master's Collection Smoked Cherry Cask Finish Kentucky Straight Bourbon Whiskey 70cl 45.2% ABV,Bourbon,"bourbon, whiskey, straight-bourbon",Woodford Reserve,TRUE,920.99,https://www.liquorstore-online.com/product_images/p_187257.webp,9609
woodford-reserve-masters-collection-sonoma-triple-finish-kentucky-straight-bourbon-whiskey-70cl-45.2-abv-includes-branded-glass,Woodford Reserve - Master's Collection Sonoma Triple Finish Kentucky Straight Bourbon Whiskey 70cl 45.2% ABV (Includes Branded Glass),Bourbon,"bourbon, whiskey, straight-bourbon",Woodford Reserve,TRUE,349.99,https://www.liquorstore-online.com/product_images/p_248580.webp,23584
woodford-reserve-masters-collection-sonoma-triple-finish-kentucky-straight-bourbon-whiskey-70cl-45.2-abv0,Woodford Reserve - Master's Collection Sonoma Triple Finish Kentucky Straight Bourbon Whiskey 70cl 45.2% ABV0,Bourbon,"bourbon, whiskey, straight-bourbon",Woodford Reserve,TRUE,334.99,https://www.liquorstore-online.com/product_images/p_248422.webp,23449
woodford-reserve-bourbon-375ml,Woodford Reserve Bourbon (375ml),Bourbon,"bourbon, whiskey",Woodford Reserve,TRUE,46.89,https://www.liquorstore-online.com/product_images/p_261573.webp,131561
woodford-reserve-double-double-oak-bourbon-700ml,Woodford Reserve Double Double Oak Bourbon (700ml),Bourbon,"bourbon, whiskey",Woodford Reserve,TRUE,255.99,https://www.liquorstore-online.com/product_images/p_263551.webp,326584
woodford-reserve-double-oaked-kentucky-straight-bourbon-whiskey-750ml,Woodford Reserve Double Oaked Kentucky Straight Bourbon Whiskey (750ml),Bourbon,"bourbon, whiskey, straight-bourbon",Woodford Reserve,TRUE,93.99,https://www.liquorstore-online.com/product_images/p_261681.webp,134329
woodford-reserve-double-oaked-kentucky-straight-bourbon-whiskey-375ml,Woodford Reserve Double Oaked Kentucky Straight Bourbon Whiskey 375ml,Bourbon,"bourbon, whiskey, straight-bourbon",Woodford Reserve,TRUE,49.89,https://www.liquorstore-online.com/product_images/p_178195.webp,5bb3eab4cf0c7b43ab688621
woodford-reserve-double-oaked-kentucky-straight-bourbon-whiskey-750ml,Woodford Reserve Double Oaked Kentucky Straight Bourbon Whiskey 750ml,Bourbon,"bourbon, whiskey, straight-bourbon",Woodford Reserve,TRUE,107.99,https://www.liquorstore-online.com/product_images/p_177764.webp,5891f76e39e21c1a7a569702
woodford-reserve-kentucky-derby-edition-152-1l,Woodford Reserve Kentucky Derby Edition 152 1L,Bourbon,"bourbon, whiskey",Woodford Reserve,TRUE,90.99,https://www.liquorstore-online.com/product_images/p_253229.webp,69c2f1e13ddc3900017ac7b2
woodford-reserve-kentucky-straight-bourbon-1.75l,Woodford Reserve Kentucky Straight Bourbon 1.75L,Bourbon,"bourbon, whiskey, straight-bourbon",Woodford Reserve,TRUE,103.99,https://www.liquorstore-online.com/product_images/p_177694.webp,56c3370469702d27ed880100
woodford-reserve-kentucky-straight-bourbon-whiskey-1l,Woodford Reserve Kentucky Straight Bourbon Whiskey 1L,Bourbon,"bourbon, whiskey, straight-bourbon",Woodford Reserve,TRUE,74.89,https://www.liquorstore-online.com/product_images/p_211729.webp,59d756b62c4a912712fec81f
woodford-reserve-kentucky-straight-bourbon-whiskey-200ml,Woodford Reserve Kentucky Straight Bourbon Whiskey 200ml,Bourbon,"bourbon, whiskey, straight-bourbon",Woodford Reserve,TRUE,36.89,https://www.liquorstore-online.com/product_images/p_180345.webp,56c28bca756275139da00100
woodford-reserve-kentucky-straight-bourbon-whiskey-375ml,Woodford Reserve Kentucky Straight Bourbon Whiskey 375ml,Bourbon,"bourbon, whiskey, straight-bourbon",Woodford Reserve,TRUE,44.89,https://www.liquorstore-online.com/product_images/p_177691.webp,56c28bc7756275139d9f0100
woodford-reserve-kentucky-straight-bourbon-whiskey-750ml,Woodford Reserve Kentucky Straight Bourbon Whiskey 750ml,Bourbon,"bourbon, whiskey, straight-bourbon",Woodford Reserve,TRUE,64.89,https://www.liquorstore-online.com/product_images/p_177528.webp,5521cef765613100037c0200
woodford-reserve-master-collection-double-double-oak-bourbon-700ml,Woodford Reserve Master Collection Double Double Oak Bourbon 700ml,Bourbon,"bourbon, whiskey",Woodford Reserve,TRUE,254.99,https://www.liquorstore-online.com/product_images/p_231301.png,6720904326b8566be721f389
woodford-reserve-masters-collection-1838-style-white-corn-kentucky-straight-bourbon-whiskey-750ml,Woodford Reserve Master's Collection '1838 Style White Corn' Kentucky Straight Bourbon Whiskey (750ml),Bourbon,"bourbon, whiskey, straight-bourbon",Woodford Reserve,TRUE,507.99,https://www.liquorstore-online.com/product_images/p_266185.webp,101477
woodford-reserve-masters-collection-batch-proof-kentucky-straight-bourbon-whiskey-2018-700ml,Woodford Reserve Master's Collection 'Batch Proof' Kentucky Straight Bourbon Whiskey - 2018 (700ml),Bourbon,"bourbon, whiskey, straight-bourbon",Woodford Reserve Master's Collection 'Batch Proof' Kentucky Straight Bourbon Whiskey,TRUE,457.99,https://www.liquorstore-online.com/product_images/p_266192.webp,101482
woodford-reserve-masters-collection-batch-proof-kentucky-straight-bourbon-whiskey-2019-700ml,Woodford Reserve Master's Collection 'Batch Proof' Kentucky Straight Bourbon Whiskey - 2019 (700ml),Bourbon,"bourbon, whiskey, straight-bourbon",Woodford Reserve Master's Collection 'Batch Proof' Kentucky Straight Bourbon Whiskey,TRUE,377.99,https://www.liquorstore-online.com/product_images/p_266195.webp,101484
woodford-reserve-masters-collection-batch-proof-kentucky-straight-bourbon-whiskey-2020-700ml,Woodford Reserve Master's Collection 'Batch Proof' Kentucky Straight Bourbon Whiskey - 2020 (700ml),Bourbon,"bourbon, whiskey, straight-bourbon",Woodford Reserve Master's Collection 'Batch Proof' Kentucky Straight Bourbon Whiskey,TRUE,377.99,https://www.liquorstore-online.com/product_images/p_266194.webp,101483
woodford-reserve-masters-collection-sweet-oak-bourbon-kentucky-straight-whiskey-750ml,Woodford Reserve Master's Collection 'Sweet Oak Bourbon' Kentucky Straight Whiskey (750ml),Bourbon,"bourbon, whiskey, straight-bourbon",Woodford Reserve,TRUE,255.99,https://www.liquorstore-online.com/product_images/p_264587.webp,100121
woodford-reserve-masters-collection-historic-barrel-entry-kentucky-straight-bourbon-whiskey-700ml,Woodford Reserve Master's Collection Historic Barrel Entry Kentucky Straight Bourbon Whiskey 700ml,Bourbon,"bourbon, whiskey, straight-bourbon",Woodford Reserve,TRUE,357.99,https://www.liquorstore-online.com/product_images/p_252382.webp,6352513d3dfba02b6dae0b2b
woodford-reserve-masters-collection-maple-wood-finish-kentucky-straight-bourbon-whiskey-750ml,Woodford Reserve Master's Collection Maple Wood Finish Kentucky Straight Bourbon Whiskey (750ml),Bourbon,"bourbon, whiskey, straight-bourbon",Woodford Reserve,TRUE,737.99,https://www.liquorstore-online.com/product_images/p_266191.webp,101479
woodford-reserve-masters-collection-oat-grain-kentucky-straight-bourbon-whiskey-750ml,Woodford Reserve Master's Collection Oat Grain Kentucky Straight Bourbon Whiskey (750ml),Bourbon,"bourbon, whiskey, straight-bourbon",Woodford Reserve,TRUE,377.99,https://www.liquorstore-online.com/product_images/p_262345.webp,184366
woodford-reserve-masters-collection-sonoma-triple-finish-kentucky-straight-bourbon-whiskey-700ml,Woodford Reserve Master's Collection Sonoma Triple Finish Kentucky Straight Bourbon Whiskey 700ml,Bourbon,"bourbon, whiskey, straight-bourbon",Woodford Reserve,TRUE,357.99,https://www.liquorstore-online.com/product_images/p_252383.webp,650bab3d87492c686e978b32
woodford-reserve-masters-collection-sweet-oak-bourbon-700ml,Woodford Reserve Masters Collection Sweet Oak Bourbon 700ml,Bourbon,"bourbon, whiskey",Woodford Reserve,TRUE,239.99,https://www.liquorstore-online.com/product_images/p_250862.webp,68c450f77c5fa07bdb7ca043
woodinville-bourbon-750ml,Woodinville Bourbon 750ml,Bourbon,"bourbon, whiskey",Woodinville,TRUE,59.86,https://www.liquorstore-online.com/product_images/p_211158.webp,5c717c1a6164031e1bde5ca4
woodinville-port-cask-finish-bourbon-750ml,Woodinville Port Cask Finish Bourbon 750ml,Bourbon,"bourbon, whiskey",Woodinville,TRUE,67.89,https://www.liquorstore-online.com/product_images/p_211157.webp,5e866807b136285233f163fe
wyoming-small-batch-bourbon-750ml,Wyoming Small Batch Bourbon 750ml,Bourbon,"bourbon, whiskey, small-batch",Wyoming Whiskey,TRUE,68.89,https://www.liquorstore-online.com/product_images/p_182133.webp,56c2962c756275139d460500
yamazaki-bourbon-barrel-2013-edition-single-malt-japanese-whisky-70cl-48-abv,Yamazaki - Bourbon Barrel 2013 Edition Single Malt Japanese Whisky 70cl 48% ABV,Bourbon,"bourbon, whiskey, single-malt",Yamazaki,TRUE,6121.99,https://www.liquorstore-online.com/product_images/p_135680.webp,4611
yellow-rose-black-label-outlaw-pot-distilled-bourbon-whiskey-70cl-46-abv,Yellow Rose - Black Label Outlaw Pot Distilled Bourbon Whiskey 70cl 46% ABV,Bourbon,"bourbon, whiskey",Yellow Rose,TRUE,205.99,https://www.liquorstore-online.com/product_images/p_135370.webp,11464
yellowstone-hand-picked-collection-single-barrel-kentucky-straight-bourbon-whiskey-119-proof-750ml,Yellowstone Hand Picked Collection Single Barrel Kentucky Straight Bourbon Whiskey 119 proof (750ml),Bourbon,"bourbon, whiskey, single-barrel, straight-bourbon",Yellowstone Hand,TRUE,74.89,https://www.liquorstore-online.com/product_images/p_264629.webp,100198
yellowstone-limited-edition-straight-bourbon-whiskey-2021-101-proof-750ml,Yellowstone Limited Edition Straight Bourbon Whiskey 2021 101 Proof (750ml),Bourbon,"bourbon, whiskey, straight-bourbon",Yellowstone Limited,TRUE,347.99,https://www.liquorstore-online.com/product_images/p_262270.webp,182170
yellowstone-select-bourbon-750ml,Yellowstone Select Bourbon 750ml,Bourbon,"bourbon, whiskey",Yellowstone Select,TRUE,52.88,https://www.liquorstore-online.com/product_images/p_177144.webp,56df4e4269702d6e40a80200
yellowstone-special-finish-toasted-bourbon-750ml,Yellowstone Special Finish Toasted Bourbon 750ml,Bourbon,"bourbon, whiskey",Yellowstone,TRUE,52.88,https://www.liquorstore-online.com/product_images/p_218281.webp,652d6293dfe506444a3e2d30
